prediction	name	hmmsearch	uniprot	protein	protein id	organism	organism accession	length	translation
MraZ	MraZ.1	AMB93507.1	A0A0X8FA25	Transcriptional regulator MraZ	WP_067972087.1	Aerococcus sanguinicola	GCA_001543145.1	143	MLMGEYKHNIDSKGRLIIPAKLREELGELFVLTRGLDACIFAYPLSTWEQIQSKLKDLPLVKRQARAFTRFFYSAAVEVSVDKQGRVNIPQVLLDHAQIEKACQIVGVMDRVEIWSSDTWQAYQDELDDSFEDIAEELFDLGL
MraZ	MraZ.2	AOA00955.1	A0A4R9CFB0	Transcriptional regulator MraZ	WP_034573446.1	Carnobacterium divergens	GCA_001703555.1	143	MLMGEFKHNIDAKGRLIMPAKFREDLGEKFIITRGMDGCLFGYPEKEWTTLEEKLKQLPLAKKDARAFTRFFYSAATECELDKQGRINIPQTLREHAELEKVCHVIGVSDRIEIWSQDRWEKFSEEAEESFDEIAESMIDFGF
MraZ	MraZ.3	AAO80794.1	O07103	Transcriptional regulator MraZ	WP_002355890.1	Enterococcus faecalis V583	GCA_000007785.1	143	MLMGEYQHNIDAKGRLIVPSKFREELGEKFVVTRGMDGCLFGYPLNEWSQLEAKLQEMPLAKKDARTFVRFFYSAATECEIDKQGRINIPANLRTHASLEKGCVVIGVSNRIEIWSDERWHAFSDEAEENFDELAETMIDFGF
MraW	MraW.1	AMB93506.1	A0A109RCW4	Ribosomal RNA small subunit methyltransferase H	WP_067972085.1	Aerococcus sanguinicola	GCA_001543145.1	318	MTEDFKHITVLREESVEALQVKADGIYVDCTLGGGGHSRLILDYLSDQGRLYAFDQDLTAIQHAEERFAEEIAQGKLQLIHRNFRYLKEELARLDVDGVDGVLYDLGVSSPQLDQVERGFSYHQNAPLDMRMDQTAPLTAEDIVNDWSYDQLVKIFYRYGEEKFAKQIARQIERRRQDHRIKETGELVELIKEAIPAPARRKGGHPAKRVFQAIRIAVNDELGAVEDSLEAALDLLKVGGRISCISFQSLEDRIAKQLFKDASTVDQPPANIPILAQDLEEASYRLVTRKPIYPSKEELAHNPRAQSAKLRVIERIND
MraW	MraW.2	AOA00258.1	A0A4R9CEF6	Ribosomal RNA small subunit methyltransferase H	WP_119908226.1	Carnobacterium divergens	GCA_001703555.1	317	MTTFNHETVLLHETVDGLNLKPNGIYVDCTLGGAGHSEYLLSQLGKEGHLYAFDQDERAIENAKIRLATFVEKGMVTFVKSNFREIKEALNNLGVFEIDGVLYDLGVSSPQLDEAERGFSYHQDAPLDMRMDTDALLTAKEVVNTWSYHELVRIFYRYGEEKFSKQIARKIEAVREEKPIETTGELVEIIKEVIPAPARRKGGHPAKRVFQAIRIAVNDELSAVEDSLESAIELLKVGGRISVISFHSLEDRIVKSIYKEHAAMPDLPKGLPVLPTEFLPELKIITRKPILPSEAELEQNNRSRSAKLRVAEKQIKK
MraW	MraW.3	AAO80795.1	O07104	Ribosomal RNA small subunit methyltransferase H	WP_002355891.1	Enterococcus faecalis V583	GCA_000007785.1	318	MTEEFRHYTVLLKETVDGLQVKPDGVYVDCTLGGAGHSEYLLTQLNEHGHLYAFDQDQKALAHAKTRLQKYVDKGQVTFIKSNFRNIKEELAEHGVFHVDGILYDLGVSSPQLDEAERGFSYHQDAPLDMRMDQDAPLTAREVVNTYSYSELVKIFFRYGEEKFSKQIAREIERVREKQPIETTGELVEIIKTAIPAPARRKGGHPAKRIFQAIRIAVNDELGAVEESLEQAIDLLAKNGRISVITFHSLEDRIVKTMFKEYSTVQDLPPGIPVVPEEFQPELKVITRKPILPSDSELSENNRSRSAKLRIAEKIKSR
FtsL	FtsL.1	-	A0A5N1GIR9	Cell division protein FtsL	WP_070430579.1	Aerococcus sanguinicola	GCA_001543145.1	138	MGLFALDPEQVHTAYAMPAEKAAPLKDQPATSQGQVHLLEKTKPQAQKGFLTTADWIKLGTMFLVTAACLIFLVGSKAQYMQADQELKGIQAQISDVQNNKNNIQQKVNELGNYDRVMEVAKDQGLTMDEDNIRNVEE
FtsL	FtsL.2	-	A0A4R9CG09	Cell division protein FtsL	WP_034569039.1	Carnobacterium divergens	GCA_001703555.1	125	MAQNSSLARELEVDIPKRSPSIPDQTSIHMPAPRTAGITKFEKALLGAVAIIAFALISACITMQISIATTNRSLQDTTTKIADISKVNENLHQEVQELSRYDRVYSIAGAAGLKMNENNVRNVSK
FtsL	FtsL.3	-	H7C6Z7	Cell division protein FtsL	WP_002358883.1	Enterococcus faecalis V583	GCA_000007785.1	135	MAELKKVNDFHYEAPEMDQPTVATEQDRKMQEETLPVPTLLPKKKLKNVSLLEKLIGVVLVCATIGIAIATIQVRTTIVQTMNDITETQAVIKEKEDNALKLEQERSELSKSDRIKDVAKKQGLENNGDNVRTVK
FtsI	FtsI.1	AMB93504.1	A0A109RDA7	PASTA domain-containing protein	WP_067972080.1	Aerococcus sanguinicola	GCA_001543145.1	713	MKTSQEQRKERRQFLHWMLIAVAVLFASLILRFAFIMLGGHVNGVDLEQSAQAMYQRSSILTAKRGTIYDIGGNPLALDATSYSLYAVLTEAWQDAEHVTAETRDHTAEVLSQHLDMDKEEILKILSTKNVNQVEFGNAGSDLSYAQMDAIRQEKLPGIEFRETPSRSYPNGVFASHLVGYAQFKQAENAMDDRLVGQLGLEKNKDQELQGKNGYVSFSKAEQNDQEEEAADDQIAPVDGQNLYTTLDSRLQTYLETLVTQVNDTYKPENLTAMLVDPKTGKIAAATQRPTFNPQTREGLDTMWKNLLVEESFEPGSTMKVLTLAAAIEEGVFDPNATYMSGAISVDGGVIRDYNHVGWGMISQLDGVARSSNVLFVQLVGDMGYDVWKEYMYEFGLMQKPNSVFKEEVAGSMSYDYEIEKVSTGFGQGLRVTPWQMVQAFTAIANGGEMMRLQIIDRMENSQGDLQVVQPEKIAAPISNETAQKTLQYLRRVVEDPQGTGQMYAVEGTEIAAKTGTAEIYDTDKQAYLSGGFNYLYSVVGFAPADNPQYILYLTIKKPKMAGDGKQPAVMLADIFVPLLTRALDYAKLAETGGYDQAEMIDVTGKNPGAAQQALERHGFLKVEVLGTGKQVIDQSPKPGSNYSMAKKVYLLTDEGVRLPDFSGLTRNESEALAKLLNIPVRIEGEGLVVGQSVDVNTPIESVDQVLLQLQQP
FtsI	FtsI.2	AOA00256.1	A0A4R9CG65	Penicillin-binding protein	WP_034569043.1	Carnobacterium divergens	GCA_001703555.1	721	MKNSKNPQKNRKKIAVILFFTTALLFVVFISRFSYIMVKGQINGENLSKKVNELYTRSSVLKAKRGTIYDIGGKPVALDATSYSLVAVLTDKWSKDKEHPNHVVDKEKTAEVLSQNINMSKEEILERLNTPNVDQVEFGNAGKNLSYEIKSNIDKNKLTGLVFDETTTRFYPNGTFASHLVGLAQVDKNTETGEIKNDILDGIMGTEQAYNNILKGTDGKIEYKKDSFGYSLPNSKPKEVKPKDGKDVYLTLDNRMQVFMESTLTEVNEKYAPKNMTAILMNPKTGAIMAASQRPSFNAETLEDLSFWQNLLVEDTFEPGSTMKVLTLAAALNEGKFNPNATFMSGVKKVEGGEIRDHNKVGWGQISYLEGLERSSNVAFVNLMEQMGEGTWKNYMDAFGIGKSTNSGLPNESTGSNPYEWPLEKANTAFGQGVTVTAFQMMQAYSAIANNGKMMKPYFVDKTVDPKTGKQTITKPTVVGEPITPETAQKELDYLQNVVYSENGTGQAYQIDGYKIAAKTGTAEIVNPDTKKYYTGDNNYIFSVVGMAPADDPELVLYVTMKQPQKYDGTVTGGRMVADVFNPIMKRALQYQDLSNQPDDSDSNKVEMSKVTGITKEEALKTLEDKKLNVTIIGNGDTIVQQLPLPESTILAGQKVVLLTNGAMTMPNMTGWSKNDVLKVSEITGQKFKIDGDGFVTTQSLPENANMEGVPEINVTLAPPR
FtsI	FtsI.3	AAO80797.1	Q836V7	Penicillin-binding protein C	WP_002381310.1	Enterococcus faecalis V583	GCA_000007785.1	742	MSKRHKFKQFMKKKNLNPMNNRKKVGIILFATSIGLFFLFAFRTTYIVATGKVAGVSLKEKTASLYEGSQVVKAKRGSILDRYGNPIAEDATSYSLYVVLSKKYTGQNNEKLYAEKKDFDDIAEILAKYTKLDKKTALKYLNNGIHEDGSTQYQVEFGTGGQNITLETRQKIEADLKKKKISGVYFNEHPARLYPNGQFASHFIGYTKAANPDDDKEGLVGAMGLEQTYNDILSGTDGRVYFEKDIYGNALPGTVAEEKKAVDGQDIYTTLDSRLQNTLEDLMTQVNEKYEPVSMTAMLMEAKTGEIVAMSQRPTFNPETKQGLDDNGTWQNLLVESPYEPGSTIKLFTTAASMEQGQFNPNELFNRVGGIQVGDVTVNDHDYTRLNGKEYLNYRQAISWSSNIGMVKLEQKMGDEKWMEYLKKFGFGTSTHSGLSGESAGKLPGTNFVDRAMSAFGQAITVTNFQMMKGFSAIANDGSMLQPHYISKIVDKNTGKETITEPQIVGTPIKAQTAQQIRTYMIDTVEDPTYGIAYDIYKVPGYHVAAKTGTAQISDGKGYVDGASQVLSSVVEMVPADNPEYVLYITLRQAKSGSPSEAMAAIANPLMKLALDIKETDPETTKVASDKVTVADYKNMTPAEALANAKVNGVDPVIIGDGEKIKKQSTPSGQTLMPNQKLILITNGTNYMPDLTGWSKSDVTKFGDLLGLTVEFKGEGYVTKQSIAAETEITEKKLTVTLEGTE
MurE	MurE.1	AMB94586.1	A0A109RDG7	UDP-N-acetylmuramyl-tripeptide synthetase	WP_067975596.1	Aerococcus sanguinicola	GCA_001543145.1	511	MNALNLDKLADRLAEADEIVDLNWPGALEVKQISYDSREVEPGCLFFCKGAHFDPKFLDQAKAKGAVAYIAEDHYPQVDLPYCQVRDVRRAMPLVADAFYGSPYQDFDLIGITGTKGKTTTTAYLHAILDAYQEDQGKPATAFLSSNRFDDGIDRGASQLTTPESLPLFKHFDHARQSQRDFMTMEVSSQALKYRRVDQVLFDVAAFLNISRDHISPNEHPNFEDYFESKLKIFDRAKCAVLVKDSDHYDRILDRAQRSPEVEEIITVSLNDASADYYATDIQAQADGQRFTLHDPEGQEEMTMSMQGIFNVENALVAIAIARHYGVPYALINQALAQIKAPGRMEVFQSADGQLKAIVDFAHNLLSFEQLFHAAKQMFPDHRYRIVFGAPGNRGIGRREDLPQVAAQEADAIYLTMDDPGTESVETICQTLHQHVLEAGGQAEIILDRPQAIHQAFVDAAADQAPNVVLLAGKGDECFMKINGNKEDYLGDVHYAQAELKVYDKAQSTSK
MurE	MurE.2	AOA00255.1	-	"UDP-N-acetylmuramoyl-L-alanyl-D-glutamate--2,6-diaminopimelate ligase"	WP_119908224.1	Carnobacterium divergens	GCA_001703555.1	491	MNAIDLVANLTLKTVEKEIPKELDIPHLTQDNREITVGSLFICIKGALFNGHDFAQEAVANGASLIVASEPIDVSVPVVYVPNTTRAMAILADAFYEHPSDELRLIGVTGTNGKTTITHLIDQIFRDHHEVTGVIGTMYRRIGDEIFETKNTTPDSLTLQKTFREMRKKNVTTCAMEVSSHSLVQGRVWGTNFDIAVFTNLSQDHLEFHHTMAEYAHAKSLLFSQLGNTYQKDRPKFAILNTDDPVGRSYVSMTAAPVISYGIESEADFKATNIQITNRGTSFDLNFQGSSYPVSLQLVGKFNVLNVLGAMAAAFAAGLELSSIIQSLESVRGVRGRFELVKGSQDFAVIVDYAHTPDGLLNVLKTVNEFKVGEVYCVVGCGGDRDKTKRPKMARVAMDFADHVIFTSDNPRTEDPTLILKDVVSELVDEEYQLMVDRREAIESAIQQAKPNDVVLIAGKGHEDYQIIGTTKHHFDDVEEAEKAILKFHEM
MurE	MurE.3	AAO80491.1	Q838A4	UDP-N-acetylmuramoyl-L-alanyl-D-glutamate--L-lysine ligase	WP_002371461.1	Enterococcus faecalis V583	GCA_000007785.1	508	MTISLFAIRDCLEKEDLLKEFISPEGWHLTLSDTLGQREVTALSYDSRDVTAETLFFCKGLNFKEIYLENAVKDGLEIYVSEVPYEVPAQLGIIVTDIKKAMAVLSMAFYDYPQNKLKLIGFTGTKGKTTAAYFTKYILDVATQQKTALLSTMNSTLDGKTFFKSALTTPESLDLYRMMATAVANGMTHFIMEVSSQAYKTNRVYKLFFDVGIFLNITPDHISPIEHPTFDDYFYCKRQLITHSKVIVLNHEADYFPLLKETAQQQKVPAIVYGSQPAPEVDYSFAVSSEDSLRFIVESPADALGLAGSYHLRLGGDFNKGNALSAAIASVLVGASKEECQQGIAATTVPGRMESLTNTNGATVYVDYAHNYDSLKNLLTFVREEHPDGRLIVLVGSTGDKAISRRKDFGRVLSELADVAVLTTDDPASEDPAKICQEIQAHITKEMPVYTVLDRGEAIAHALSLSTTADDAIVLAGKGADLYQKVNGVDEPYAGDFALAEAFINKKN
MurF	MurF.1	AMB94220.1	A0A0X8FBD3	UDP-N-acetylmuramoyl-tripeptide--D-alanyl-D-alanine ligase	WP_067974392.1	Aerococcus sanguinicola	GCA_001543145.1	476	MKKLALNEIAKAVQGQVQAEDPDAVWLDHVVFDARQAQPGSLFVPLSGQRDGHDFAQQALDNGAVAAFWSKDPAQAPAGLALIQVSDTLAALHDLAAYYLSLIQPKVVAITGSSGKTTTKDMTAACLSVAYRVHKTQGNYNNEIGVPITILEMPEETEVLVLEMGMSNFGEIRELSLLAQPDLAVITMIGEDHLEFLKTKANIAKAKLEILDGLKEGGSFIYPGEEDLITSQLGNIREDIETLSVGLTENQDVYALDIIVDQYQTQFSSNLSPTVQLTIPVSGRYNVVNALDACAVSYRLGLSIEQIQDALANFQMTANRTAWIEGINESQVLDDTYNASPSAMKAVISNFVQVPRAGDAQQGRKLYVLADMLELGPDAGQLHASVAEVLALEDQDQVLLYGLEMEALYERLLAAGQARPDQVHYFKEDKAALIAWLENHTRHYDQILVKGSHGMGLLEVVEALRRPDIESQAKED
MurF	MurF.2	ANZ99185.1	A0A7I0FNI4	UDP-N-acetylmuramoyl-tripeptide--D-alanyl-D-alanine ligase	WP_119907576.1	Carnobacterium divergens	GCA_001703555.1	458	MNLTLKEVAKAVGAVNNIRQWEELEINNVQFDTRKSTEGSLFVPLKGTNDGHDFIDSAIENGAVASFWSAPLDQAPSGFPVLQVKDTLIALQQLAKYYLEKINPKVVGITGSNGKTTTKDMTEAVLKARYRVHKTQGNFNNHIGLPITILEMPSDTEVVILEMGMNHAGEIELLSNLAQPDIAVITMIGESHIEYLGSRAGIADAKMEITAGLKETGALIFPGEEPLLVEKTAKLKPAQLATFGMSEINDLYPVNVQTGMMETSFETNVAPLTECSIPVLGTYNVSNALAALTVGLKLEITIQEAAPFLAKFNLTKNRTEWVKGIHNSMILNDAYNANPTAMNAVLDNFSELKNEGKKIAVLGDMLELGSLSKEMHESVAEHLNPQKIDEVYLYGEEMAVLFDKLLLIFPQERVHHYTKDKEQLIAELTEIIQPQDHILVKSSFGTNLLAVVTAIQSV
MurF	MurF.3	AAO80657.1	Q837J3	UDP-N-acetylmuramoyl-tripeptide--D-alanyl-D-alanine ligase	WP_002355722.1	Enterococcus faecalis V583	GCA_000007785.1	457	MKLTFWEVAQAVEASNDWQQWPDFPLTGIEFDSRKIVKGNLFVPLQGENDGHRFIESAMANGCQAAFWGQDLVDAPQQLPVLHVTDPLVAMQKLATYYLNKMQPNVIAVTGSNGKTTTKDLIAAVLSEKFVTYKTQGNYNNQIGLPYTILHMPDETEKLILEMGMDHAQEISFLSNLAQPEVAAITMIGEAHVENLGSRAGIAQAKMEIVDGLAKDGSLFVPSDEPLLEPLVEKVTQQVITFGFSQESQLQGIVTNEAKEQTSFKISDTQMTFTIPVPGTYNVTNALIAIGIGRYFQLTDSEIQKGLATAELTKNRTEWLKAANGAEILSDVYNANPTAMGLVLDSFSKMSKVGKRIAVLGDMLELGPDSAAMHQAMAQHLAPDAIEEVFLYGSEMAYLADKLQETYAPANIHSFKKEEKNELIEAVKKVLQPEDMVVLKGSNGMGLREVIDALLEK
MraY	MraY.1	AMB93503.1	A0A120I916	Phospho-N-acetylmuramoyl-pentapeptide-transferase	WP_067972077.1	Aerococcus sanguinicola	GCA_001543145.1	315	MLLSFIFCYAITTLAMPFFIKYMHKKQFGQAIREEGPAWHQAKSGTPAMGGLVFLGASVLTVLMMSIVQQHWSNSAWALVIALLFFGGIGFADDFLKIFKKQNEGLSSKQKFVLQLLGSALMFFIFVLFGLEVEIPIFNIASLSHPILIFFFLLFWITGFSNAFNLTDGLDGLSSGCGIISFAAYLTMALQAGEQGIALFCVTMIAALLGFILFNVKPAKIFMGDVGSLALGAVLAVLSLLIGNPWTLLFAGIIYVAETASVILQVASFKLTGKRIFKMSPIHHHFEMLGWSEWKVDLVFWAVQIIGALIAIAIF
MraY	MraY.2	AOA00254.1	A0A7I0FBZ8	Phospho-N-acetylmuramoyl-pentapeptide-transferase	WP_119908223.1	Carnobacterium divergens	GCA_001703555.1	321	MHWTEMLMPVVSGFALTIMAMPIFIGYFRMKQLGQTTREDGPKWHEVKTGTPTMGGLVFLIAIVITSVWVGIWQKSLTISLGLLMFILVLYGILGFLDDFIKVFKKRNLGLTSKQKLIGQIIGGIVFFAVYRIEGLDTLLYLPFFGEVNIGWLYAVFVIVWLVGFSNAVNLTDGLDGLVAGTASIAYGAYAVLAFKQGQTDILIFCLAVIGGLVGFFFFNKKPAKIFMGDVGSLALGGGLAAVSILLHQEWSLLLIGLIFVIETASVMIQVTSFKLTGKRVFKMSPIHHHFEMSGWSEWRVVLTFWAVGLVAAALALVIIL
MraY	MraY.3	AAO80798.1	O07107	Phospho-N-acetylmuramoyl-pentapeptide-transferase	WP_002355894.1	Enterococcus faecalis V583	GCA_000007785.1	321	MEWTQIFIPIVVSFAITVSVMPLFIGYFQMKKQGQVTREDGPTWHSVKTGTPTMGGVVFLVASLITSLAMGLFFHQFTPSLLIILFILVLYGLLGYLDDFIKVFKKRNMGLNSRQKLIGQIFGGLVFYFVYRSEGFSDTLDLFGVAEVPLGIFYGVFIIFWLVGFSNAVNLTDGIDGLVAGLGTISFGTYAIIAWKQQQFDVVIICLSVIGGLIGFFPYNRKPAKIFMGDVGSLALGGLLAAISIILHQEWTLLLIGLVYVCETASVILQVASFKLFGRRIFKMSPIHHHFEMCGWSEWKIDFVFWSVGLICSGITLWILF
MurD	MurD.1	AMB93502.1	A0A0X8FBJ8	UDP-N-acetylmuramoylalanine--D-glutamate ligase	WP_067972075.1	Aerococcus sanguinicola	GCA_001543145.1	465	MEERLEINRESLKNKKVLVLGLAMTGMSVVRHLTDLGAFVTVNDIKPLEENKEAQTLIEENVRVIAGSHPVELLEEDFAFMVKNPGIPYSNPMVQAAQAKGLPVYTDIELVGQLTSAEIIGITGSNGKTTTASLTFQILEAATDLPGKNYLAGNIGLAALDVALDAKASDRLVLELSSFQLMGTCSFKPKIAAITNLYPTHLDYHGSIEGYLEAKWQITAQQEASDYLILNADQEVLWDKRHETQAQVIPVSLTGQSREGAWYDRAHQRLMWREEAVVERDQVFIPGDHNVQNALVAMAIAKLLGVSNTAIQAACQSFHGVAHRMQFVLDYQGRRFYNDSKATNNNAAKTALRSFQAPIVWVAGGLDRGLGLEDLKPELGQVKAMVVMGQTADRFAKLAEDMEIPYVHAKNIEEATDLAYAQSQAGDVILLSPACASWDQYLNFEMRGERFVQAAKHLAQSKKDH
MurD	MurD.2	AOA00253.1	-	UDP-N-acetylmuramoyl-L-alanine--D-glutamate ligase	WP_119908222.1	Carnobacterium divergens	GCA_001703555.1	460	MKKVTAYEHKKVLVVGLAMSGVNAAKLLHELGALVTVNDYKSFEENPEAQELLESGIRVVTGGHPVELLDEDFELVVKNPGIMYNNPIVHRAIEKGIPVITEVELAYEVAESKIIGITGTNGKTTTTTMIAEILNHNRKNGHAYVAGNIGTPASLVAQTATKDDEIVIELSSFQLMGIKTLRPQIAVITNIFEAHIDYHGSRDEYVAAKWRITENQTADDYLILNWDQEELRELSKTSKAKIIPFSRKESLKNGAYVKDDIIYYQDEAIMNKNDIVVPGEHNVENALAAIAVAKLVGQSNENIVELLTNFSGVKHRTQFVTEFKQRKFYNDSKATNILATENALKGFSKPVILLAGGLDRGNGFEELVPALKNVKALIVFGETASKIEAAGIEAGVKTIQHVQNVEAAVPVAYELSEPEEIILLSPACASWDQYRSFEVRGDAFINAIDQLIEEVEEQEE
MurD	MurD.3	AAO80799.1	O07108	UDP-N-acetylmuramoyl-L-alanine--D-glutamate ligase	WP_002379203.1	Enterococcus faecalis V583	GCA_000007785.1	456	MKKITTYQNKKVLVLGLAKSGVSAAKLLHELGALVTVNDAKQFDQNPDAQDLLTLGIRVVTGGHPIELLDEEFELIVKNPGIPYTNPLVAEALTRKIPIITEVELAGQIAECPIVGITGTNGKTTTTTMIGLLLNADRTAGEARLAGNIGFPASTVAQEATAKDNLVMELSSFQLMGIETFHPQIAVITNIFEAHLDYHGSRKEYVAAKWAIQKNMTAEDTLILNWNQVELQTLAKTTAANVLPFSTKEAVEGAYLLDGKLYFNEEYIMPADELGIPGSHNIENALAAICVAKLKNVSNAQIRQTLTNFSGVPHRTQFVGEVQQRRFYNDSKATNILATEMALSGFDNQKLLLLAGGLDRGNSFDELVPALLGLKAIVLFGETKEKLAEAAKKANIETILFAENVQTAVTIAFDYSEKDDTILLSPACASWDQYPNFEVRGEAFMQAVQQLKESEM
FtsW	FtsW.1	AMB93623.1	A0A120I930	Probable peptidoglycan glycosyltransferase FtsW	WP_143485095.1	Aerococcus sanguinicola	GCA_001543145.1	381	MNLSIFLPYVVLSIIGLIMVFTASSYRAISEGNDVSYYVVRQLVFMGVGFAVAMLIYRLRVTVFRSQAFKKLAIAVISLALVFVLFFGEEINGAKGWIDLYVISIQPIEFAKPVLILLLADYFSRYQKDFAQNPGWKGFFRVLGRHPLVPAAILVWLGIAVLLPDIGGFGLLLVIASLMVLGSGISSKVVKVLSGLAVAAYAVLVLGARLANHLGWSSDNYQVQRLLSFVNPFPEAQGIGHQLVNSYYALKGGGLFGRGLGNSVQKLGYLPEAHNDFIMAIVGEELGLVGLIFILGLYFYLTLYLYYRAQKARSVYIQMLLIGLASYFLIQAVINLGGVTGLLPITGITFPFISYGGSSILTSAIMVGLALSAVRADQNRV
FtsW	FtsW.2	AMB94916.1	A0A109RFA6	FtsW/RodA/SpoVE family cell cycle protein	WP_067976467.1	Aerococcus sanguinicola	GCA_001543145.1	432	MKRSKYQRVKNLTQTRYDFPLLLTLLALMVYSMITVFSTTYLQYEEASLLPTLMHGAWFLVGLVLVYLMMQLDRKTLFRLAPLAYFFGLFLLILVLIFYDRGLAQASGARSWFSIGGLTFQPSELMKLFYIIMMGRLVDDYTRDCNRIGYDEMAVRDQVGLDWRFLLKLFAWSLPPMLLVVLQNDFGTMLVFMMILVGIIFVSGISWHIILPTFLVITLLFLILLFLVVYDRDLLLNLGFQDYQFSRIDSWLAPFENTASESYQLSQSIKAVGSGKMFGKGLGNFEVYVPVRESDMIFSSIAENFGFIGSSLLILLYFILIYCMISAAFKTNDSFYVAMVAGIVTLFAFHIIENIGMTIGLLPLTGIPLPFISQGGSALITNMMCVGLVASIRYNERQTEKDHQQNLVIRLARKLTKEANLERFRFIRTEEV
FtsW	FtsW.3	ANZ99591.1	A0A5E9H2B4	Probable peptidoglycan glycosyltransferase FtsW	WP_034570551.1	Carnobacterium divergens	GCA_001703555.1	376	MKKTNRFFLLIYFLLLCFGILMVYSASSDSAQTNTGSSITYFRNQGIYAIVGILSLFFVSKLKKSFLVHPNLLKTLLTGMFALLGFVLLTGKINGASRWINIGFFNIQPVELAKIILIWYTAFILSKKQKQLTSNWVQVIWAPLIVLSLVGMLLFLQPDTGSVLILAGIVLVQIFASGIPFYLGVLSSLFICSVMSGYIFLVSRYGTSVIGMSAYRFDRFKAFWSPFELENGAGHQLVNSYYALDRGGLFGVGLGKSVQKTGYLPEPHTDFILAVIGEELGLLGIIFVLTLLFSLILWVFYLGIKLKDPFASLLCIGVGMMFLIQSCINIGGVTGWLPISGVTLPFVSYGGSSLIISSIAIGLVLNVSDTFRAVKT
FtsW	FtsW.4	ANZ99592.1	A0A4R9CHF6	Rod shape-determining protein RodA	WP_034570548.1	Carnobacterium divergens	GCA_001703555.1	385	MDKEKKEQHNYAIILLLMLLAAISLLAIYAATDTWNYVILQTFWYFISIIVIFILMKFDAEVLWKIAPLTYLLGILCLIAVLFFGVTIGGAKRWLNFGIMNFQTSEVMKIAFILMLSRCVTQHNFKNIKRTIQSDLLLLLKIVAISIPPVVLVMLQPDLGTTIVFLAIISGITLLSGISWKILLPLFSTFVGIITTLFYLVLFNRPILYRFGFHSYQFDRVDVWLEPYKDISGDSYQTIQSMKAIGSGQITGKGLGISEVHVPENHTDFIFTAIGENFGFVGGGILLLIYFLLIYRLVVTCFLTKSEFYTYIVTGVLMLICFHIFENIGMTIGILPVTGIPLPFISYGGSSLLGNMAAVGLVLSMNKHNREYVFSTNHKKWHFLT
FtsW	FtsW.5	AOA00127.1	A0A4R9CHC2	Probable peptidoglycan glycosyltransferase FtsW	WP_034569302.1	Carnobacterium divergens	GCA_001703555.1	391	MKKLKYLDYYIFIPYLILSVLGILMVYSASSFVATIPPINSTPDHFFKLQSIFVLMGLVVSFVVMSFKYEMLKNKRLVMFALLVIAISLLYLFFFGEALNGAAGWLSIFGFNLQPAEFCKIVIIWYFAFIFSKKQRSIVHDFRNTVTPPLTIFLFFLLLIAMQPDIGGAGIILVIGVVMIFASGVSVYLGVGSGLLGIGVIFGVLEMVQKLGENTPFLDKYQYQRFVAFWDPFAVSETVGNQLVNSYYALSRGGLFGVGIGQSVQKTGYLPEPYTDFIMSILGEEFGLFGIFVVVTLFVFLILRIYLIGIRAKDAFGSLLCIGIATMLLVQGFINLGGVVGLLPITGVTFPFISYGGSSTLVLTISIGLVLNVSATEKMKREKLRLEKLAR
FtsW	FtsW.6	AOA00540.1	-	FtsW/RodA/SpoVE family cell cycle protein	WP_119908397.1	Carnobacterium divergens	GCA_001703555.1	394	MTDNMERKRESKIDYGIILSVMLLCVISIATIYSTTVIAQDNGLKPTIMHIAWYVVGAAAIAVIMQFDSEQLWKLAPIAYWGGIILLVLVLFLYDRDTEKVTGAKSWFKIGPLTFQPSEVMKVAFILMMARVVTKHNSEYARHQVSTDFLLLGKMLLTSLVPLVLVQLQNDLGTTLVFLAIIGGMVLMSGVTWRIIAPLFIVAFGIFGGALWLVMNDRPFLLKMGFHEYQFDRIDSWLDPYHDAADAAYQLVQSMKAIGSGKVFGKGYGIFEVYVPVRESDMIFSTVAENFGFIGSCLLIFIYFLLIYQMIRICFDTKNEFYAYIATGVIMMILFHVLENIGMSIGLLPLTGIPLPFISQGGTALLGNMMGIGLIMSMRYHYKSYMFSDEEREF
FtsW	FtsW.7	AAO81092.1	Q820U8	Probable peptidoglycan glycosyltransferase FtsW	WP_002395094.1	Enterococcus faecalis V583	GCA_000007785.1	391	MNLRTLGLTKILLTFIILSIIGALMIYSASSYDLLMQGVKPTAVFIKQGIIMCLSWVLMFVIYKVRLEVLFNKKIAIGLLLVSVLLLLMVRLPFFGVAVNGAQRWISLFGIQFQPSELCNFAIIYYLSCYLGEKENGLTTKQLRKQWLFVLVVAFLVLIQPKVGGAILILVIGSVLIFSASIHAKFSVIAAGIVVASAALLSKIIIFLGDHRYLPHFFAHVYDRLVVLKNPFLSFHDRGFQPSMAYLAMYNGGFWGTGLANGMVKKGGLPEGQTDFIFAVIVEELGLIGGLLLLFLLLFLAASILRSSCVIKNHCYGLFLLGVGTLILAQTAINIGGVLGLIPMTGIPLPFVSYGGTSYLIFSVALGIVIKIIANERRQLNGQYKKIQLTS
FtsW	FtsW.8	AAO81093.1	Q820U7	"Cell division protein, FtsW/RodA/SpovE family"	WP_002357833.1	Enterococcus faecalis V583	GCA_000007785.1	382	MVNTKKFNLHLNYDLLLPIFLLTLLSSGVQYWIAVNEGKDGTVPALKQLFFIFVGYAGMFLASRLSQKFIWKVAPFFYGFSLILMSALYFSYDKGMYLLTGTKRWLDLGFIKFQPSEIAKIAFILMLAKIIVQHEQQDWSDKWRSDKQLLKKIVAVSVPVFFLMAVQKDFGTSLVFVTIILSLLVISGIDRKILIIIFSALATLGVVLILLVFTEWGHKVLFFLHFKQYQLDRILAWIHPYDYVDKISYQQVQGLLAIGSGGLFGKGVHGIEVYVPVRESDMVFTFIGEAWGFVGSATVVFLYFYLFYQVLVAGLRSNSRFCMYICVALIFSLVFQTVENIGAVIGLLPLKGIPLPFLSQGGTSLVMAITSLGFVKGREAAT
FtsW	FtsW.9	AAO82175.1	Q820T8	Probable peptidoglycan glycosyltransferase FtsW	WP_002356686.1	Enterococcus faecalis V583	GCA_000007785.1	402	MPNKVKKRHLLDYSIFIPYLILSIVGLIMVYSSTSALQVMKGFSPTSFVINQVAFWVVGLVAMFFIYKMKTSVFQNRSFIMFAIAVITVMVLAVRIPGIGKEINGARGWIEIGGFSMQPAEYLKIMVVWYLSYILARRQKTINGGMDQFKQAAGRPLMLVFVLIALVAIQPDFGNAAILTLITIVMVLASGINYMYTYLVGGLGILGSITAIQLLIMSKGKIFPARYQYIYNRFAVFKNPFLDERNLGHQLANSYYAISNGGWFGKGLGNSVQKKGFLPEAHTDFIFAITLEELGIIGGLAILGLLMFMIARIILVGVRSKKPFNSLMCIGIGTMLLIQVFINVGGITGIIPLTGITFPFLSQGGNSLLIISIAVAFVLNISADETRQKLENEYYLSLEQNQ
FtsW	FtsW.10	AAO82218.1	Q820T7	"Cell division protein, FtsW/RodA/SpovE family"	WP_002356636.1	Enterococcus faecalis V583	GCA_000007785.1	395	MNRKEKTNLDSRIDYGVILPVFLLSLIGMLSLYVALYNDPSKPKIGSLLMKQGLWYLVGGLSIVIIMHFSSKLLWRLTPVFYALGLVLMGLLLKFYDPVLAEQTGSKNWIRFGGTTFQPSELMKIAFILMLAYIVTMHNVKYVDRTLKSDFWLIAKMLLVAIPVIVLVLLQKDFGTMLVFLAIFGGVFLMSGITWKIIVPVFILAALVGAGTIYLITTETGRDLLSKLGVEAYKFDRIDLWLNPFHTDPDRSFQPALALTAIGSGGLFGKGFNVSDVYVPVRESDMIFTVVGENFGFIGGCFIILLYFILIYRMIRVCFDTNNEFYAYIATGIIMMILFHVFENIGANIGLLPLTGIPLPFISQGGSSILGNMIGVGLIMSMRYQQETVRTRSGR
MurG	MurG.1	AMB93501.1	A0A109RD03	UDP-N-acetylglucosamine--N-acetylmuramyl-(pentapeptide) pyrophosphoryl-undecaprenol N-acetylglucosamine transferase	WP_067972071.1	Aerococcus sanguinicola	GCA_001543145.1	367	MRVVLSGGGTGGHIYPALALQKNILAHYPDAEFLYIGTAQGMEAKIVPEQGIPFKTVRIQGLKRSLSMDNLKTALYMLQSVSAARKLLKDFQPDVVVGTGGYVCAPVLYAASHLGLPTVIHEQNSVAGITNKFLSRYVDKIAICFDRVKADFSRYAHKIVYTGNPRAQEVAAISDKVDLTEYGLVNNRPTLLIFGGSRGAQRINDAVMASLEAFTKRPYQVLIATGEIYYDDYQKEFDHLDQLTNVKVVPYIKNMPQLFNTVDLVVCRSGATTLTELTALGTPSLLIPSPNVTGNHQQRNAESLVDHRAAKMLLEEDLNNDLFLEMIDELMADDIQRVQMSQQARLLGVPDAADRLRRVLETAIEEK
MurG	MurG.2	AOA00252.1	-	undecaprenyldiphospho-muramoylpentapeptide beta-N-acetylglucosaminyltransferase	WP_119908221.1	Carnobacterium divergens	GCA_001703555.1	367	MKIILSGGGTGGHIYPALALIRRLQVMNPTVEVLYVGTEKGLEKKIVEKAGIPFKSVEIQGFKRSLSLSNFKTIQLFFKSVADSKKIVKEFKPDIVIGTGGYVCGPVVYAAAKLNVPTIIHEQNSVAGVTNKFLARFVSKIAICFEEARAEFPKFQDKVVLTGNPRAQEVANIEKSPVLTEYGLATQTPTLLIFGGSRGARKINEAFLEALPELATKDYQVLFATGEVHYEKINQEVEKLNLQNKNVAVVPYIYNMPEVFANVSVVMGRSGATTLAELTALGLPSILIPSPYVTNDHQTKNAESLSHHNAARLIPDNELNGAQFIQAADELMLNEPLREEMAKEAKKLGVVDASDRLIRLINKLINN
MurG	MurG.3	AAO80800.1	O07109	UDP-N-acetylglucosamine--N-acetylmuramyl-(pentapeptide) pyrophosphoryl-undecaprenol N-acetylglucosamine transferase	WP_002379204.1	Enterococcus faecalis V583	GCA_000007785.1	363	MKILVTGGGTGGHIYPALSFVEHVKKEAPATEFLYVGTENGLESQIVPKAKIPFKTIKIQGFKRSLSPQNFKTIYLFLTSINKAKKIIREFQPDVVIGTGGYVSGAVVYAAHQLKIPTIIHEQNSIPGMTNKFLSRYVDKIAICFPDVASFFPKEKTILTGNPRGQEVVTVEKSAILSEFGLDPAKKTVVLFGGSRGALKINQAFEQAFPLFEEREYQVLYASGERYYQELQESLKFSEKKLTNISVQPYIDKMVEVMANTDLMVGRAGATSIAEFTALGLPAILIPSPYVTNDHQTKNAQSLVKVGAVEMIPDAELTGARLVAAIDDILLNNEKRQQMATASKGEGIPDASDRLYQVVKTLV
MurC	MurC.1	AMB94477.1	A0A0X8FDE7	UDP-N-acetylmuramate--L-alanine ligase	WP_067975245.1	Aerococcus sanguinicola	GCA_001543145.1	439	MNKETIYHFTGIKGSGMSALALVLHGAGYKVQGSDVETYFFTQQGLEAADIRILDFDPNNIHEGMEIILGNAFPDDHPEVKKAEALGLKVTRYHKFLGHFIKNYTSVAITGSHGKTSTTGLMSHVLSLNVPTSYLIGDGTGYGDEQAEYFVLEADEYREHFLAYEPDYAIFTNIDFDHPDYYQNIEQVFDANSQFANQVQKKAIMYGDDPYLQRLADKDHVLYYGIDGDYDIVAHHVVRDTTGCQFDVEVLGKHYGQFRIKGCGEHNILNSLAVIGFCCLEEFPADKVQEALSSFAGVKRRFNVTEVADMTLVDDYAHHPSEIKATLDAAKQRYPEKQIIAVFQPHTYSRTLALMDEFAQALDQADEVFLCEIFASAREQDTHQVSSEDLAAKVTKPVQILNLDDMGPLMGYHDAVVLFMGAGDVPKYGRAYAEALKSR
MurC	MurC.2	ANZ99600.1	-	UDP-N-acetylmuramate--L-alanine ligase	WP_119907841.1	Carnobacterium divergens	GCA_001703555.1	443	MNTNTLYHFVGIKGSGMSALALVLNDKGFNVQGSDVEKYFFTQKGIEDAGIPIFPFAKENIREGLTVIAGNAFPDTHEEIQAALDLGIPVIRYHKFIGEFLKQYTSVAITGSHGKTSTTGLLAHVLSSIEPTSYIIGDGTGHGVPDADFFVLEACEYRRHFLAYRPDYAIMTNIDFDHPDYFTGIEDVFDAFQSMANQVQKAIIACGEDEELQKIKANVPVLYYGFGAENDFQARNITRSTKGSSFDVYISNEFYNHFEIPTYGAHNVLNALAVIALCQLEGISKEKIAENLLTFQGVKRRFSEKQMGDMVIIDDYAHHPSEIRATLDAARQKYPDKEIIAVFQPHTFTRTVALLSEFAEALNLADSVYLCDIFGSAREDQGSVTIQDLAEKIKNGATVLKEENMSPLLNHHDAVVIFMGAGDVQKFESSYETLLSRTTLQNN
MurC	MurC.3	AAO81660.1	Q833N6	UDP-N-acetylmuramate--L-alanine ligase	WP_002357163.1	Enterococcus faecalis V583	GCA_000007785.1	445	MGNQENKLYHFVGIKGSGMSSLALVLHQKGYNVQGSDVEEYFFTQRDLEKSGVPILPFNADNIDKDMIVIAGNAFPDTHEEIARAIELGAEVIRYHDFIARFIEPYTSIAVTGSHGKTSTTGLLAHVLSGINPTSYLIGDGTGHGEPDADFFAFEACEYRRHFLAYSPDYAIMTNIDFDHPDYYKSIEDVFSAFQTMAHQVKKGIFAYGDDKYLRQLESEVPVYYYGVSEEDDIQARNIQRTTEGSSFDVYHKDDFVGHFVLPAFGHHNIMNALGVIAVAYFEKLDMQKVAEEMLSFKGVKRRFSEKKVSDMIIVDDYAHHPAEIKATIDGARQKYPDKEIIAVFQPHTFTRTIALMDEFAEALDLADEVFLCNIFGSARETQGEVRIEDLGEKIQKGGQVITEDNVSPLLDFENAVVVFMGAGDVQKFEQAYETLLSNTTRNVL
MurB	MurB.1	AMB94631.1	A0A109RDI0	UDP-N-acetylenolpyruvoylglucosamine reductase	WP_067975759.1	Aerococcus sanguinicola	GCA_001543145.1	298	MKDKFLEHFPQAKVKFDEALSSYSYTRTGGPADILVFPQTIAEVQDFVSYAKTEQIPIMVLGNSSNLIVRDGGIEGIVMILTDMKAAEVQDQSLVVEAGARLIDVSRLAADHSLGGLEFACGIPGSLGGAVFMNAGAYGGEMADIVSSVDYVDQRGSLRQLTLQELDFAYRHSCFQENGGVVVRVHMQLHSADPDAIESRMAELTHLRESKQPLDLPSCGSVFKRPEGHYTGQLIQEAGLQGYTVGGAQVSLKHAGFIVNIGQATATDYLAVIAHVQDVVKDRYGVDLETEVRIIGRD
MurB	MurB.2	AOA00753.1	-	UDP-N-acetylmuramate dehydrogenase	WP_119908574.1	Carnobacterium divergens	GCA_001703555.1	302	MSIKQIKKQFPNVTMKENEPLANYTYTETGGPADLLIFPKTEKEVVELVTWIKEFDLPLTVLGNASNLIVKDGGIRGVVMILTDMKAIVVEGNRVIAQSGAKLIDTSYAGLKASLTGLEFACGIPGSIGGAVFMNAGAYEGEVSEVLESALVLTSEGEVKRLSNQELEFSYRHSALQANGSIILEAVFALKKGDHEMIQKRMEELTVLRESKQPLEYPSCGSVFKRPTGYFTGKLIQEAGLQGKIWGGAQISEKHAGFIVNINQATATDYIELIAHIQEVILKNAGVELETEVRIIGEDPIV
MurB	MurB.3	AAO82434.1	Q830P3	UDP-N-acetylenolpyruvoylglucosamine reductase	WP_002356404.1	Enterococcus faecalis V583	GCA_000007785.1	300	MNTKAMLETLNEITLLVDEPLKNVTFTKTGGPADVLALPKTKKEVEEIVAYCREQGLSWLVLGNASNLIVRDGGIRDVVIMLTEMKEIKVAGTTMIVDAGAKLIDTTYEALAADLTGFEFACGIPGSVGGAVYMNAGAYGGEIKDVFQSAEVLLADGTIQTMTKEDLNFRYRHSEIQELHCIVLQATFALEKGNHAEIKAQMDELTELRELKQPLEYPSCGSVFKRPVGHFTGKLIQDAGLQGLKWGGAQISEKHAGFIVNIDHATATDYVELIAHIQEVIKEKFDVELQTEVRIIGEEV
MurA	MurA.1	AMB93319.1	A0A0X8F9X4	UDP-N-acetylglucosamine 1-carboxyvinyltransferase	WP_067971521.1	Aerococcus sanguinicola	GCA_001543145.1	433	MENIIVRGGKTLQGEVKVDGAKNAVLPILAATLLASEGKNLINNVPLLSDVYIMKEVLAYLDAEVHFDEAKQQIEVVSEGQLRTETPFELVSKMRASVVVMGPLLARFGHVKVAMPGGCAIGSRPIDLHIKGFEALGAEVTMTNGYVEARADQLVGTDIYLDFPSVGATENIMMAAVLAEGVTTIENVAKEPEIVDLANYLNRMGAQVQGAGTDTIKITGVDAMHGTDHCVIPDRIEAGTFILATAVAGGEVLVKDALVEHNLPLISKLREMGVEIVEEMDAVLVKSDGHLKATNVKTLPYPGFPTDLQAPFTIAQIRAEGSSVMEETVFENRFMHLEELRRMDAQFKIHGDTVSFEGPSQLQAASVQATDLRAAAALIIAGLVAEGTTVVSQLQYLDRGYHHLEDKLQALGADIKRIDADELQSRPASDFFD
MurA	MurA.2	AMB94212.1	A0A0X8FBG7	UDP-N-acetylglucosamine 1-carboxyvinyltransferase	WP_067974364.1	Aerococcus sanguinicola	GCA_001543145.1	419	MKKFIINGGKPLKGEVLVSGAKNSTVALIPAAIMGNSPVSLDGVPDIADVKALIEILEDFNCEVSFENNHLVIDPEHMVNIPMPEGKIQSLRASYYFMGALLAKYGEGVVGLPGGCSIGPRPIDLHIKGFEALGVVIENQQGAIHFSTPNGLHGAEIYMDVVSVGATINVMLAATMAKGKTTTENAAREPEIIDVVSLLNKMGAKIKGAGTSTIRIEGVDELTGTNHQIIPDRIEAGTYLTAAAAIGQGVTVKNVIFEHIEGFVAKMGEMGVQMDIYEDEIYVHPAQEDLAMVSIKTMPYPGFATDLQQPITPLLLKAQGEGTIEDTIYPKRIKHIPELVRMGAQAKVLNDQIHLSGPSCLRGAEVTASDLRAGACLINAALMAEGRTDLYGAEHILRGYDKIADKLQHLGADIELVEE
MurA	MurA.3	ANZ99172.1	A0A4R9CJH4	UDP-N-acetylglucosamine 1-carboxyvinyltransferase	WP_034571641.1	Carnobacterium divergens	GCA_001703555.1	421	MKKLVINGGKPLSGELTISGAKNSTVALIPAAILADSPVTLEGVPDIQDVHSLIEILTIMGVEVDFKGSTLTIDPTNMVSIPMPSGKIKSLRASYYFMGALLTKYGQGVVGLPGGCFLGPRPIDQHIKGFEALGATVDNEMGAMYLRTSEEGLVGARVYLDVVSIGATINLMLAAVKAKGKTIIENAAREPEIIDVATLLNNMGGKVRGAGTDVIRIEGVEELHGCRHTVIPDRIEAGTYLSIAGAVGTDVVIKNVIFEHLEGLIAKMQEMGVPMEIGEDSIRVLEAKNLKMVSVKTLPYPGFATDLQQPLTPLLLKAQGEGTIVDTIYPKRVKHIPELVRMGANARVESDMILLEGPAILKGVEVEASDLRAGACLVTAGLMAEGTTTITGVENILRGYDNIVEKLTNLGADIKMSEIEN
MurA	MurA.4	ANZ99395.1	A0A4R9CKI2	UDP-N-acetylglucosamine 1-carboxyvinyltransferase	WP_119907708.1	Carnobacterium divergens	GCA_001703555.1	437	MEKIIVRGGKRLEGTVKVEGAKNAVLPILAATILASVGESKLTNVPTLSDVYTINEVLHHLNLDVAFNETDKEVQINATHDLNFEAPFEYVSKMRASIVVMGPLLARLGHAKVALPGGCAIGTRPIDLHLKGFEAMGARVHIENGYIEAFADELVGARIYLDFPSVGATQNIMMAATLAKGTTTIENVAREPEIVDLANFLNRMGAKVVGAGTETIRIEGVAELTGIEHSIIPDRIEAGTFMIAAAMTQGNVLVEDAVAEHNKPLISKLKEMNVTIIEEEKGLRIIGPEKLKATDVKTMPHPGFPTDMQAQMTAIQLMAEGTSTMTETVFENRYMHMEELRRMNAQFKVEGQSLVIYGPTKLQGAEVAATDLRAAAALILSGLCSEGYTRVTHLEYLDRGYFEFHKKLQALGADVERINEEEEHLLKEAELDQIFAS
MurA	MurA.5	AAO80969.1	Q836E5	UDP-N-acetylglucosamine 1-carboxyvinyltransferase 1	WP_002357969.1	Enterococcus faecalis V583	GCA_000007785.1	430	MKKIVINGNRPLKGEVTISGAKNSVVALIPAAILADSPVTLDGVPDIQDVHSLIEILEIMGAKITFENNTLIIDPTEVVSVPMPKGKINSLRASYYFMGSLLGRFGEGVVGLPGGCYLGPRPIDLHIKGFEALGAHVTNEHGAMYLRTDEAGLQGTRIFMDMVSIGATINVMLAAVKAKGKTIIENAAREPEIIDIATLLNNMGAKVRGAGTDVIRIEGVEELHGCRHSIIPDRIEAGTYLAMAAAMGEGIKVRNVIYEHLESFIAKLQEMGVKMTIEEDMIEVHPSHDLKMTTVKTYPYPGFATDLQQPLTPLLLKAQGTGEIIDTIYAQRNKHIPELVRMGADASVEGNMIILNGPNQLHGAEVVASDLRAGACLVTAGLMAEGTTTIYNVEYILRGYDHIIEKLTALGADIQMLETEEQEGPFEVDQ
MurA	MurA.6	AAO82314.1	Q831A8	UDP-N-acetylglucosamine 1-carboxyvinyltransferase 2	WP_002356562.1	Enterococcus faecalis V583	GCA_000007785.1	433	MEQIIVHGGNTKLEGTVKIEGAKNAVLPILAATLLAEEGVTTLKNVPILSDVFTMNQVIKHLNVAIDFDEDANEVTIDATQPLGIEANYEYVSKMRASIVVMGPLLARNGHAKVAMPGGCAIGKRPIDLHLKGFQALGAKIIQKNGYIEAIADELIGNTIYLDFPSVGATQNIMMAAVRAKGTTIIENVAREPEIVDLANILNKMGANVIGAGTETMRIEGVDKLHAVEHSIVQDRIEAGTFMVAAAMTEGNVLIEEAISEHNRPLISKLTEMGAIIEEEENGIRVIGPKHLKPTDVKTMPHPGFPTDMQAQMTAIQMFAEGTSIVTETVFENRYQHLEEMRRMNADLKIDGNIAVINGGNELQGAAVEATDLRAAAALILVGLRANGITRVSNLKYLDRGYYEFHKKLQKLGANVERVNDEKIEEKQATTVI
DdlB	DdlB.1	AMB94219.1	A0A0X8FBR4	D-alanine--D-alanine ligase	WP_067974388.1	Aerococcus sanguinicola	GCA_001543145.1	362	MRIVLLYGGDSAEHDISVLTAASILKHLDYKKHQVQPVFIDREGQWIAGELLEEYSLSEDSILYLEASDQQHFYRQGEAEISQGLAVVPTDVLTKDSLAFPALHGPNGEDGTIQGLFEALNVPYTGAGVLASAAGMDKIISKQLFQQAQIPQVPFVALTSYQYETERSEVIARIEGQLVYPVFIKPANMGSSVGITQAQDRDALLQGLETAFHYDTRVVVEQGIEAREIEVAVLGNEEVQVSQPGEIVKDQGFYDYEEKYINNSIEMAIPADLPEESAQAIQAYAKKAYLAIDGSGLTRCDFFVTHNMDIYINEVNTMPGFTQFSMYPSLWAASGLSYEDLLEKLLKLALERFNKKQGLANQ
DdlB	DdlB.2	ANZ99184.1	A0A0R2HY47	D-alanine--D-alanine ligase	WP_034571601.1	Carnobacterium divergens	GCA_001703555.1	363	MKIFLIYGGKSAEHDVSILTAFSITKEIYYKYYDVEPIYITKSGKWLQGMTLESPVINADALKFEEADEAVLAIKEGAISTGVEISPTSIKQEDAVIFPVLHGPNGEDGTIQGLFEVIGMPYVGAGVLASACGMDKIISKYLFQQAGLPQVPYVPVLKNNWSTDAEKVFMQCEGTLLYPMFVKPANMGSSVGISKAENREELIEAIEEALKYDRRIVVEQGIEARELEVAVLGNSDIHTSVPGEIVKTVDFYDYDSKYINNEVTLQIPAKVTEDVSIQLREYAARAFQTLDGSGLSRCDFFLTSNDEIFINEVNTMPGFTQFSMYPLLWENTGLGYGDLVEELIQLALRRFEERQAFQYSEES
DdlB	DdlB.3	AAO80655.1	Q47758	D-alanine--D-alanine ligase	WP_010774177.1	Enterococcus faecalis V583	GCA_000007785.1	348	MKIILLYGGRSEEHDVSVLSAYSVLNAIYYKYYQVQLVFISKDGQWVKGPLLSERPQNKEVLHLTWAQTPEETGEFSGKRISPSEIYEEEAIVFPVLHGPNGEDGTIQGFMETINMPYVGAGVLASANAMDKIMTKYLLQTVGIPQVPFVPVLRSDWKGNPKEVFEKCEGSLIYPVFVKPANMGSSVGISKVENREELQEALEEAFRYDARAIVEQGIEAREIEVAILGNEDVRTTLPGEVVKDVAFYDYDAKYINNTIEMQIPAHVPEEVAHQAQEYAKKAYIMLDGSGLSRCDFFLTSKNELFLNELNTMPGFTDFSMYPLLWENMGLKYSDLIEELIQLALNRFK
DdlB	DdlB.4	AAO82021.1	Q06893	Vancomycin B-type resistance protein VanB	WP_002368691.1	Enterococcus faecalis V583	GCA_000007785.1	342	MNKIKVAIIFGGCSEEHDVSVKSAIEIAANINTEKFDPHYIGITKNGVWKLCKKPCTEWEADSLPAIFSPDRKTHGLLVMKEREYETRRIDVAFPVLHGKCGEDGAIQGLFELSGIPYVGCDIQSSAACMDKSLAYILTKNAGIAVPEFQMIEKGDKPEARTLTYPVFVKPARSGSSFGVTKVNSTEELNAAIEAAGQYDGKILIEQAISGCEVGCAVMGNEDDLIVGEVDQIRLSHGIFRIHQENEPEKGSENAMIIVPADIPVEERNRVQETAKKVYRVLGCRGLARVDLFLQEDGGIVLNEVNTLPGFTSYSRYPRMAAAAGITLPALIDSLITLAIER
FtsQ	FtsQ.1	-	A0A5N1GJB3	Cell division protein DivIB	WP_070430584.1	Aerococcus sanguinicola	GCA_001543145.1	427	MDWEKERRRYQKKAHPSRSQVRSRGREEGQDAPAASRQSQADSDKQATKATRPNQPGQPKPQAKKKQGRRIKLWRSAKDQLGKPSQAKARPPRKKQAAKVPAKTRWTYYGIFIFLLFVAIYLASPLNHVQGIQVRGNRQIKEEDLVRVSGLHPSMSLGRVDALQETAMQRINAAYPQVQSVNIQVDDQRNVLINIQEHRVVGYVKKKDFYYPVLENQIILDKAMAEPDKELPLFEGFDDGQVLKLAEQLGQLPDRILQQIVSIHNTSTADYPNHLSLKMRDGNIVTGFMLKFVDYLQYYDQVLEILDGQKGLLDMDLGIFFTELTPANNPFASAEEKEAYEAAHPSASQADRQEIEVKDKEAPAESGSQADQSSSQSGQGSAAGTSSSASSEPSPTQADQAPAPNQAPAASQASGTPSSSQPSSQSQ
FtsQ	FtsQ.2	-	A0A2R8A1B4	Cell division protein DivIB	WP_074403173.1	Carnobacterium divergens	GCA_001703555.1	298	MANWNKRSSYKKKTAQEPASSLTPWEQEQQKRAAEQTSEEPVINKEKKKTKAEKKVVSMEHKLPRLKEQRRKKMLRRLIPMVFLFSFTILVILYFISPLSRISKVTVSGTNEVFDQSVIDTSQLKKGDSLWEAYFNRDKMEQEIKTELNQVKSVHLKFDGVNSYVLAIDEYKTVAYLAKDDQYYNILENGKIVKESRKVSIGNPPIFKNFKEGPALDEMILQYSQLSSDIKNSISDIEHQSSKTDDYLIKINMNDGNLVQASIPSFAEKMAYYPSFVKSLGEQKGIINMEVGVYFEAF
FtsQ	FtsQ.3	-	Q836V6	Cell division protein DivIB	WP_002368241.1	Enterococcus faecalis V583	GCA_000007785.1	374	MWKISNENDIFKKRKPLPPKKSEESQPELTPWQKQNQEYLKKQAEEAASKGENEQAEVTITLQEQSQEEPQQHLPQETVEEEEHFADRLPNVKKTRNKRLYRRLAFILTCLGTAILVALYFVSPLSRLSEVTVSGNKSVESQAIIQQSKLETGSGLWEQYSNRNYFSANIQKKFPIIKKANIKLNGINSFKIDIQEYQIVALAATKGGYHPILENGKTLAETTKAAESGKPIFENFKEDKLIPELMASYNKLPQEIKQGISEIKYAPSKTNKDLINVYMNDGNRVIVNISDLSEKMAYYSQVAEQMDKPGIVDMEVGIFSYPYEKESEETGSEVSEDSAVENQEVVDPNAGVATDEANNGTPTNGENQEVQQAE
FtsA	FtsA.1	AMB93499.1	A0A0X8FA97	Cell division protein FtsA	WP_067972065.1	Aerococcus sanguinicola	GCA_001543145.1	470	MVQPKVYASLDIGTTSVKVVVAEYVNQHLNVIGVGSERSEGLSRGVIVDIDKTVEAIKSAVRQAERKSNCEIKNVIVGVPCNQVNIEPCYGMIAVANENREITDKDVNNVLSAAKVRAVPPEREIISVIPEEFVVDGFDGIRDPRGMIGVRLELYASMITGTKTIIHNIRRCVENAGLNIADLVVQPLATAAAALSEGERDFGTIIIDMGGGQTSASVIHDKQLKFAYIDQEGGEYITKDISTVLNTTTENAEQIKLEYGYADSRHTSENEFFPVEIIGKKEPAKVDEHYLSEIIEARVMQILETIKRALDQVEAFDLPGGVVITGGAAALPGVIDLASEYFGTEVRFYIPEHVGLRNPMFATAVGLVEYASGLEEIYHVAQGYNFDNRSRDAAKQEEESYTRPQVRAYEPEVDHEVQAESVPEAPYASYEEELHEEESRGTRQAADHAAKEGNEGFADKVKSFFEDIFN
FtsA	FtsA.2	AOA00250.1	A0A4R9CEM9	Cell division protein FtsA	WP_034569055.1	Carnobacterium divergens	GCA_001703555.1	436	MGNTGIYVSLDIGTTSIKVVVAEYVNGQMNIIGVGNEKSEGLSRGIIVDIDQTVESIKKAVKQAEQKANMDINNVIVGIPSNSVEIESCHGMIAVSGDNREISELDVENVMAAAMVRSVPPEREIISVIPEEFIVDGFDGIRDPRGMIGVRLEMHATMLTGPKTILHNTKRCVEKAGLQIEEIVVQPLAVGSTALSKGERDFGTIIIDMGGGQTSASVIHDNQLKYTFVDPEGGEYVSKDISIILNTTLENAEKIKRDYGFALPEETSPDEVFPVETIGKNEPVKIDEQYLSEIIEARLVQIFEKIKAELDIVGARELPGGIVLTGGAASLPGVIELAKDIFEINVKLYVPDQMGMRFPAFSTGIGLIEYVANLDEIHAVSKGRKVHHMDERVNQHHVEEHVFENNAPTPREEKQPKKEEDKLSNKAKNFFSNFFD
FtsA	FtsA.3	AAO80802.1	O07111	Cell division protein FtsA	WP_002355898.1	Enterococcus faecalis V583	GCA_000007785.1	440	MAKTGMYVGLDIGTTSVKVVVAEYIEGQMNIIGVGNAKSDGLNRGIVVDIDQTVQAIQRAVRQAEEKAGIQIKSVNVGLPANLLEVESCQGMIAVSSESKEITDEDVRNVASAALVRSTPPERQIVAILPQDFTVDGFEGIKDPRGMLGVRMEMFGVVYTGPKTIIHNIRKCVEKAGLGINELVITPLALTETILTDGEKDFGTIVIDMGGGQTTTSVIHDKQLKFTHVNQEGGEFITKDISIVLNTSFNNAEALKINYGDAYPERTSANEEFPVDVIGKSEPVRVDERYLSEIIEARVEQILRKSKEVLDEIDAFELPGGVVLTGGAASMPGIVDLAQEIFEANVKLYVPNHMGLRNPVFANVISIVEYSAQLNDIYHIAKYAIPGEKSKPAQSVAVQQEVRYDTYAEQPQEEYEEFNERESGEKVTGKIKDFFSNIFD
FtsZ	FtsZ.1	AMB93498.1	A0A0X8FA00	Cell division protein FtsZ	WP_067972064.1	Aerococcus sanguinicola	GCA_001543145.1	421	MDLEFDNLQDFERGANIKVIGVGGGGNNAVNRMIQENVRGVEFIVANTDTQALAHSSADVKIHLGPKIARGLGAGAQPEVGRKAAEESEDQIREALQGADLIFITAGMGGGTGTGAAPIVAQIAKEELGALTVGVVTRPFTFEGPKRGRSAAEGIAKMKEHVDTLVTISNNRLLEIVDKKTPMREAFGEADNVLRQGVQGISDLITSPGYVNLDFADVRTVMQDQGTALMGIGAGQGENRTSDATKKAISSPLLEVSIDGAEQILLNIAGGEDLTLFEAQDAADIVSAASSSEVNIIFGTTINEDLDDEVIVTVIATGIDEERRHEEKKASRQSSAFKTGAQSAASRDYGNRPEYFEQKQAPSRPARPSRQDNYDDWEAPRDNRRPAGDDYNNYNAPNESYGNELGEDELDTPPFFRKRRR
FtsZ	FtsZ.2	AOA00249.1	A0A7I0FC27	Cell division protein FtsZ	WP_119908219.1	Carnobacterium divergens	GCA_001703555.1	423	MELEFDSMINNGAVIKVIGVGGAGNNAVNRMIDEGVKGVEFIVANTDIQALQSSNAEIKIQLGPKLTRGLGAGSNPEIGRKAAEESEEQIAEALSGADMIFVTAGMGGGTGTGAAPIVARIAKEQSALTVGVITRPFTFEGPKRGRFAAEGVSEMKDHVDTLVIISNNRLLEIVDKKTPMLEAFHEADNVLRQGVQGISDLITAPGYVNLDFADVKTVMENQGSALMGIGMASGENRTAEATKKAISSPLLEVSIDGAEQVLLNITGGPDLTLFEAQDASDIVSAASTTEVNIIFGTSINEKLGDEVIVTVIATGIDNQRGQEARRDSSRTRSFSNTNEATPYSKRNEEQSQSAPVSNQAEKDPFGDWDIRREPNVRETSGREEAPTEKADFDVFKRDSSPEKGHGNDDDSLDTPPFFRRRRK
FtsZ	FtsZ.3	AAO80803.1	O08439	Cell division protein FtsZ	WP_002355899.1	Enterococcus faecalis V583	GCA_000007785.1	410	MEFSLDNNINNGAVIKVIGVGGGGGNAVNRMIEENVKGVEFITANTDVQALKHSKAETVIQLGPKYTRGLGAGSQPEVGQKAAEESEQVISESLQGADMIFITAGMGGGTGTGAAPVVAKIAKELGALTVGVVTRPFSFEGPKRGRFAAEGIALLKENVDTLLIISNNRLLEVVDKKTPMLEAFREADNVLRQGVQGISDLITAPGYVNLDFADVKTVMENQGTALMGIGVASGEERVIEATKKAISSPLLETSIDGAEQVLLNITGGLDMTLFEAQDASDIVTNAASGDVNIILGTSINEDLGDEIRVTVIATGIDESKKDRKPHRQTRQAVQPMQQTTQSVEMDQPKSQEEASAFGDWDIRREQNTRPKVDESSLEQVDKKEFDTFHREEPNHNDDELSTPPFFRRKR