accession	name	MraZ	MraW	FtsL	FtsI	MurE	MurF	MraY	MurD	FtsW	MurG	MurC	MurB	MurA	DdlB	FtsQ	FtsA	FtsZ
GCF_013267415.1	Abiotrophia defectiva	1	1	0	1	1	1	1	1	1	1	1	1	2	1	1	1	1
GCF_004359375.1	Acetilactobacillus jinshanensis	0	1	0	1	1	1	1	1	2	1	1	1	1	1	1	1	1
GCF_001543105.1	Aerococcus christensenii	1	1	1	1	1	1	1	1	2	1	1	1	2	1	1	1	1
GCF_905113025.1	Aerococcus sanguinicola	1	1	1	1	1	1	1	1	2	1	1	1	2	1	1	1	1
GCF_900176325.1	Aerococcus suis	1	1	1	1	1	1	1	1	2	1	1	1	2	1	1	1	1
GCF_001543175.1	Aerococcus urinae	1	1	1	1	1	1	1	1	2	1	1	1	2	1	1	0	1
GCF_001518795.1	Aerococcus urinaeequi	1	1	1	1	2	1	1	1	2	1	1	1	2	1	1	1	1
GCF_001543245.1	Aerococcus urinaehominis	1	1	1	1	1	1	1	1	2	1	1	1	2	1	1	1	1
GCF_001543285.1	Aerococcus viridans	1	1	1	1	2	1	1	1	2	1	1	1	2	1	1	1	1
GCF_001436375.1	Agrilactobacillus composti	1	1	1	1	1	1	1	1	2	1	1	1	1	1	1	1	1
GCF_021030645.1	Agrilactobacillus fermenti	1	1	1	1	0	1	1	1	2	1	1	1	1	1	1	1	1
GCF_003946725.1	Agrilactobacillus yilanensis	1	1	1	1	1	1	1	1	2	1	1	1	1	1	1	1	1
GCF_900109085.1	Alkalibacterium gilvum	1	1	1	1	2	1	1	1	2	1	1	1	2	1	1	1	1
GCF_007988865.1	Alkalibacterium kapii	1	1	1	1	3	1	1	1	2	1	1	1	2	1	1	1	1
GCF_003003275.1	Alkalibacterium olivapovliticus	1	1	1	1	3	1	1	1	2	1	1	1	2	1	1	1	1
GCF_007991315.1	Alkalibacterium pelagium	1	1	1	1	3	1	1	1	2	1	1	1	2	1	1	1	1
GCF_007988845.1	Alkalibacterium putridalgicola	1	1	1	1	3	1	1	1	2	1	1	0	2	1	1	1	1
GCF_900112455.1	Alkalibacterium subtropicum	1	1	1	1	3	1	1	1	2	1	1	0	2	1	1	1	1
GCF_900101165.1	Alkalibacterium thalassium	1	1	1	1	2	1	1	1	2	1	1	1	2	1	1	1	1
GCF_000374325.1	Allofustis seminis	1	1	1	1	1	1	1	1	2	1	1	1	2	1	1	1	1
GCF_000315445.1	Alloiococcus otitis	1	1	1	1	1	1	1	1	2	1	1	1	2	1	1	1	1
GCF_001936335.1	Amylolactobacillus amylophilus	1	1	1	1	1	1	1	1	2	1	1	1	1	2	1	0	1
GCF_001434555.1	Amylolactobacillus amylotrophicus	1	1	1	1	1	1	1	1	2	1	1	1	1	2	1	0	1
GCF_001281175.1	Apilactobacillus apinorum	1	1	1	1	1	1	1	1	2	1	1	1	2	1	1	1	1
GCF_023380225.1	Apilactobacillus apisilvae	0	1	1	1	1	1	1	1	2	1	1	1	2	1	1	1	1
GCF_003627035.1	Apilactobacillus bombintestini	1	1	1	1	1	1	1	1	2	1	1	1	2	1	1	1	1
GCF_019575995.1	Apilactobacillus kunkeei	1	1	1	1	1	1	1	1	2	1	1	1	2	1	1	1	1
GCF_006493595.1	Apilactobacillus micheneri	0	1	1	1	1	1	1	1	2	1	1	1	2	1	1	1	1
GCF_016861895.1	Apilactobacillus nanyangensis	1	1	1	1	1	1	1	1	2	1	1	1	2	1	1	1	1
GCF_001435995.1	Apilactobacillus ozensis	0	1	1	1	1	1	1	1	2	1	1	1	2	1	1	1	1
GCF_002994005.1	Apilactobacillus quenuiae	0	1	1	1	1	1	1	1	2	1	1	1	2	1	1	1	1
GCF_006493105.1	Apilactobacillus timberlakei	0	1	1	1	1	1	1	1	2	1	1	1	2	1	1	1	1
GCF_019061205.1	Apilactobacillus waqarii	1	1	1	1	1	1	1	1	1	1	1	1	1	1	1	1	1
GCF_019656235.1	Apilactobacillus xinyiensis	0	1	1	1	1	1	1	1	2	1	1	1	2	1	1	1	1
GCF_019656215.1	Apilactobacillus zhangqiuensis	1	1	1	1	1	1	1	1	2	1	1	1	2	1	1	1	1
GCF_000526675.1	Atopobacter phocae	1	1	1	1	1	1	1	1	1	1	1	1	2	1	0	1	1
GCF_000429585.1	Atopococcus tabaci	1	1	1	1	1	1	1	1	2	1	1	1	2	1	1	1	1
GCF_900129085.1	Atopostipes suicloacalis	1	1	1	1	2	1	1	1	3	1	1	1	2	1	1	1	1
GCF_000421665.1	Bavariicoccus seileri	1	1	1	1	1	1	1	1	1	1	1	1	2	1	0	1	1
GCF_013385145.1	Bombilactobacillus apium	1	1	1	1	1	1	1	1	2	1	1	1	1	0	1	1	1
GCF_003522965.1	Bombilactobacillus bombi	1	1	1	1	1	1	1	1	2	1	1	1	1	0	1	1	1
GCF_023380265.1	Bombilactobacillus folatiphilus	0	1	1	1	1	1	1	1	2	1	1	1	1	0	1	1	1
GCF_000970795.1	Bombilactobacillus mellifer	1	1	1	1	1	1	1	1	2	1	1	1	1	0	1	1	1
GCF_000967245.1	Bombilactobacillus mellis	1	1	1	1	1	1	1	1	2	1	1	1	1	0	1	1	1
GCF_023380245.1	Bombilactobacillus thymidiniphilus	1	1	1	1	1	1	1	1	2	1	1	1	1	0	1	1	1
GCF_900143105.1	Carnobacterium alterfunditum	1	1	1	1	3	1	1	1	2	1	1	1	2	1	1	1	1
GCF_001703555.1	Carnobacterium divergens	1	1	1	1	1	1	1	1	4	1	1	1	2	1	1	1	1
GCF_000744185.1	Carnobacterium funditum	1	1	1	1	2	1	1	1	2	1	1	1	2	1	1	1	1
GCF_000744375.1	Carnobacterium gallinarum	1	1	1	1	2	1	1	1	2	1	1	1	2	2	1	1	1
GCF_900177385.1	Carnobacterium iners	1	1	1	1	3	1	1	1	2	1	1	1	2	1	1	1	1
GCF_000493735.1	Carnobacterium inhibens	1	1	1	1	2	1	1	1	2	1	1	1	2	1	1	1	1
GCF_000745125.1	Carnobacterium jeotgali	1	1	1	1	2	1	1	1	2	1	1	1	2	1	1	1	1
GCF_949790605.1	Carnobacterium maltaromaticum	1	1	1	1	2	1	1	1	4	1	1	1	2	2	1	1	1
GCF_000744825.1	Carnobacterium mobile	1	1	1	1	1	1	1	1	3	1	1	1	2	1	1	1	1
GCF_000744285.1	Carnobacterium pleistocenium	1	1	1	1	3	1	1	1	2	1	1	1	2	1	1	1	1
GCF_900102725.1	Carnobacterium viridans	1	1	1	1	3	1	1	1	2	1	1	1	2	1	1	1	1
GCF_000313915.1	Catellicoccus marimammalium	0	1	1	1	1	1	1	1	2	1	1	1	1	1	1	1	1
GCF_002849895.1	Companilactobacillus alimentarius	1	1	1	1	1	1	1	1	2	1	1	1	2	0	1	1	1
GCF_001971585.1	Companilactobacillus allii	1	1	1	1	1	1	1	1	2	1	1	1	2	0	1	1	1
GCF_003946605.1	Companilactobacillus baiquanensis	1	1	1	1	1	1	1	1	2	1	1	1	2	0	1	1	1
GCF_002179915.1	Companilactobacillus bobalius	1	1	1	1	1	1	1	1	2	1	1	1	2	0	1	1	1
GCF_001951175.1	Companilactobacillus crustorum	1	1	1	1	1	1	1	1	2	1	1	1	2	0	1	1	1
GCF_002706745.1	Companilactobacillus farciminis	1	1	1	1	1	1	1	1	2	1	1	1	2	0	1	1	1
GCF_003573535.1	Companilactobacillus formosensis	1	1	1	1	1	1	1	1	2	1	1	1	2	0	1	1	1
GCF_003946325.1	Companilactobacillus furfuricola	1	1	1	1	1	1	1	1	2	1	1	1	2	0	1	1	1
GCF_006007945.1	Companilactobacillus futsaii	1	1	1	1	1	1	1	1	2	1	1	1	2	0	1	1	1
GCF_001050475.1	Companilactobacillus ginsenosidimutans	1	1	1	1	1	1	1	1	2	1	1	1	2	0	1	1	1
GCF_009600995.1	Companilactobacillus halodurans	1	1	1	1	1	1	1	1	2	1	1	1	2	0	1	1	1
GCF_000831645.3	Companilactobacillus heilongjiangensis	1	1	1	1	1	1	1	1	2	1	1	1	2	0	1	1	1
GCF_005404815.1	Companilactobacillus huachuanensis	1	1	1	1	1	1	1	1	2	1	1	1	2	0	1	1	1
GCF_003946555.1	Companilactobacillus hulinensis	1	1	1	1	1	1	1	1	2	1	1	1	2	0	1	1	1
GCF_003946015.1	Companilactobacillus insicii	1	1	1	1	1	1	1	1	2	1	1	1	2	0	1	1	1
GCF_003946575.1	Companilactobacillus jidongensis	1	1	1	1	1	1	1	1	2	1	1	1	2	0	1	1	1
GCF_003946625.1	Companilactobacillus kedongensis	1	1	1	1	1	1	1	1	2	1	1	1	2	0	1	1	1
GCF_003946205.1	Companilactobacillus keshanensis	1	1	1	1	1	1	1	1	2	1	1	1	2	0	1	1	1
GCF_001438805.1	Companilactobacillus kimchiensis	1	1	1	1	1	1	1	1	2	1	1	1	2	0	1	1	1
GCF_001435445.1	Companilactobacillus kimchii	1	1	1	1	1	1	1	1	2	1	1	1	2	0	1	1	1
GCF_004117915.1	Companilactobacillus metriopterae	1	1	1	1	1	1	1	1	2	1	1	1	2	0	1	1	1
GCF_007992055.1	Companilactobacillus mindensis	1	1	1	1	1	1	1	1	2	1	1	1	2	0	1	1	1
GCF_003946505.1	Companilactobacillus mishanensis	1	1	1	1	1	1	1	1	2	1	1	1	2	0	1	1	1
GCF_003967595.1	Companilactobacillus musae	1	1	1	1	1	1	1	1	2	1	1	1	2	0	1	1	1
GCF_007991935.1	Companilactobacillus nantensis	1	1	1	1	1	1	1	1	2	1	1	1	2	0	1	1	1
GCF_001592065.1	Companilactobacillus nodensis	1	1	1	1	1	1	1	1	2	1	1	1	2	0	1	1	1
GCF_002872255.1	Companilactobacillus nuruki	1	1	1	1	1	1	1	1	2	1	1	1	2	0	1	1	1
GCF_014058425.1	Companilactobacillus pabuli	1	1	1	1	1	1	1	1	2	1	1	1	2	0	1	1	1
GCF_001434985.1	Companilactobacillus paralimentarius	1	1	1	1	1	1	1	1	2	1	1	1	2	0	1	1	1
GCF_004745525.1	Companilactobacillus suantsaicola	1	1	1	1	1	1	1	1	2	1	1	1	2	0	1	1	1
GCF_001434665.1	Companilactobacillus tucceti	1	1	1	1	1	1	1	1	2	1	1	1	2	0	1	1	1
GCF_001434295.1	Companilactobacillus versmoldensis	1	1	1	1	1	1	1	1	2	1	1	1	2	0	1	1	1
GCF_003606365.2	Companilactobacillus zhachilii	1	1	1	1	1	1	1	1	2	1	1	1	2	0	1	1	1
GCF_003946515.1	Companilactobacillus zhongbaensis	1	1	1	1	1	1	1	1	2	1	1	1	2	0	1	1	1
GCF_003096575.1	Convivina intestini	1	1	0	1	1	0	0	0	1	1	1	1	1	1	0	1	1
GCF_030127605.1	Dellaglioa algida	1	1	1	1	1	1	1	1	2	1	1	1	2	2	1	1	1
GCF_026948345.1	Dellaglioa sp.	1	1	1	1	1	1	1	1	2	1	1	1	1	2	1	1	1
GCF_900115825.1	Desemzia incerta	1	1	1	1	3	1	1	1	2	1	1	1	2	1	1	1	1
GCF_002871685.1	Dolosicoccus paucivorans	0	1	0	0	1	1	1	1	1	1	1	1	2	1	0	1	1
GCF_003263915.2	Dolosigranulum pigrum	1	1	1	1	1	1	1	1	2	1	1	1	2	1	1	1	1
GCF_014635985.1	Enterococcus alcedinis	1	1	1	1	1	1	1	1	2	1	1	1	2	1	1	1	1
GCF_019218635.1	Enterococcus alishanensis	1	1	1	1	1	1	1	1	3	1	1	1	2	1	1	1	1
GCF_001885765.1	Enterococcus aquimarinus	1	1	1	1	2	1	1	1	2	1	1	1	2	1	1	1	1
GCF_000407365.1	Enterococcus asini	1	1	1	1	1	1	1	1	2	1	1	1	2	1	1	1	1
GCF_002891025.1	Enterococcus avium	1	1	1	1	1	1	1	1	4	1	1	1	2	1	1	1	1
GCF_000394055.1	Enterococcus caccae	1	1	1	2	1	1	1	1	4	1	1	1	2	2	1	1	1
GCF_002269685.1	Enterococcus canintestini	1	1	1	1	1	1	1	1	2	1	1	1	2	1	1	1	1
GCF_001544375.1	Enterococcus canis	1	1	1	1	1	1	1	1	2	1	1	1	2	1	1	1	1
GCF_000157355.2	Enterococcus casseliflavus	1	1	1	2	1	1	1	1	4	1	1	1	2	2	1	1	1
GCF_900474605.1	Enterococcus cecorum	1	1	1	1	1	1	1	1	2	1	1	1	2	1	1	1	1
GCF_000407225.1	Enterococcus columbae	1	1	1	1	1	1	1	1	2	1	1	1	2	1	1	1	1
GCF_000633635.1	Enterococcus crotali	1	1	1	0	1	1	1	1	4	1	1	1	2	1	1	1	1
GCF_018917555.1	Enterococcus devriesei	1	1	1	1	1	1	1	1	4	1	1	1	2	1	1	1	1
GCF_009933255.1	Enterococcus diestrammenae	1	1	1	1	1	1	1	1	2	1	1	1	2	1	1	1	1
GCF_000406945.1	Enterococcus dispar	1	1	1	1	1	1	1	1	2	1	1	1	2	1	1	1	1
GCF_002277935.1	Enterococcus durans	1	1	1	1	1	1	1	1	3	1	1	1	2	1	1	1	1
GCF_000393015.1	Enterococcus faecalis	1	1	1	1	1	1	1	1	4	1	1	1	2	1	1	1	1
GCF_009734005.1	Enterococcus faecium	1	1	1	1	1	1	1	1	2	1	1	1	2	2	1	1	1
GCF_004309355.1	Enterococcus florum	1	1	1	1	1	1	1	1	2	1	1	1	2	1	1	1	1
GCF_003320875.1	Enterococcus gallinarum	1	1	1	1	1	1	1	1	4	1	1	1	2	2	1	1	1
GCF_003343305.1	Enterococcus gilvus	1	1	1	1	1	1	1	1	4	1	1	1	2	1	1	1	1
GCF_000393995.1	Enterococcus haemoperoxidus	1	1	1	2	1	1	1	1	4	1	1	1	2	1	1	1	1
GCF_001885945.1	Enterococcus hermanniensis	1	1	1	1	1	1	1	1	4	1	1	1	2	1	1	1	1
GCF_002278015.2	Enterococcus hirae	1	1	1	1	1	1	1	1	4	1	1	1	2	1	1	1	1
GCF_005405485.1	Enterococcus hulanensis	1	1	1	1	1	1	1	1	4	1	1	1	2	1	1	1	1
GCF_022846515.1	Enterococcus innesii	1	1	1	2	1	1	1	1	4	1	1	1	2	2	1	1	1
GCF_001885995.1	Enterococcus italicus	1	1	1	1	1	1	1	1	2	1	1	1	2	1	1	1	1
GCF_019343125.1	Enterococcus lactis	1	1	1	1	1	1	1	1	3	1	1	1	2	1	1	1	1
GCF_017830045.1	Enterococcus larvae	1	1	1	1	1	0	1	1	4	1	1	1	2	2	1	1	1
GCF_016909125.1	Enterococcus lemanii	1	1	1	1	1	1	1	1	2	1	1	0	2	1	1	1	1
GCF_027659535.1	Enterococcus malodoratus	1	1	1	1	1	1	1	1	4	1	1	1	2	1	1	1	1
GCF_001050095.1	Enterococcus massiliensis	1	1	1	1	1	1	1	1	2	1	1	1	2	2	1	1	1
GCF_900604485.1	Enterococcus mediterraneensis	1	1	1	1	1	1	1	1	2	1	1	1	2	1	1	1	1
GCF_000394015.1	Enterococcus moraviensis	1	1	1	2	1	1	1	1	4	1	1	1	2	1	1	1	1
GCF_002813755.1	Enterococcus mundtii	1	1	1	1	1	1	1	1	4	1	1	1	2	1	1	1	1
GCF_005405245.1	Enterococcus nangangensis	0	0	0	0	1	1	0	0	0	0	1	1	1	1	0	0	0
GCF_000393975.1	Enterococcus pallens	1	1	1	2	1	1	1	1	4	1	1	1	2	2	1	1	1
GCF_000394035.1	Enterococcus phoeniculicola	1	1	1	1	1	1	1	1	2	1	1	1	2	1	1	1	1
GCF_005405205.1	Enterococcus pingfangensis	1	1	1	1	1	1	1	1	2	1	1	1	2	2	1	1	1
GCF_001730295.1	Enterococcus plantarum	1	1	1	2	1	1	1	1	4	1	1	1	2	1	1	1	1
GCF_001544295.1	Enterococcus pseudoavium	1	1	1	1	1	1	1	1	2	1	1	1	2	1	1	1	1
GCF_001730365.1	Enterococcus quebecensis	1	1	1	2	1	1	1	1	2	1	1	1	2	1	1	1	1
GCF_019175485.1	Enterococcus raffinosus	1	1	1	1	1	1	1	1	4	1	1	1	2	1	1	1	1
GCF_001886195.1	Enterococcus ratti	1	1	1	1	1	1	1	1	2	1	1	1	2	1	1	1	1
GCF_001742285.1	Enterococcus rivorum	1	1	1	1	1	1	1	1	2	1	1	1	2	1	1	1	1
GCF_001465345.1	Enterococcus rotai	1	1	1	2	1	1	1	1	2	1	1	1	2	1	1	1	1
GCF_000407285.1	Enterococcus saccharolyticus	1	1	1	1	1	1	1	1	2	1	1	1	2	1	1	1	1
GCF_011397115.1	Enterococcus saigonensis	1	1	1	1	1	1	1	1	2	1	1	1	2	2	1	1	1
GCF_001886225.1	Enterococcus silesiacus	1	1	1	2	1	1	1	1	4	1	1	1	2	1	1	1	1
GCF_005405265.1	Enterococcus songbeiensis	1	1	1	1	1	1	1	1	2	1	1	1	2	2	1	1	1
GCF_000407605.1	Enterococcus sulfureus	1	1	1	1	1	1	1	1	4	1	1	1	2	1	1	1	1
GCF_001886275.1	Enterococcus termitis	1	1	1	2	1	1	1	1	4	1	1	1	2	1	1	1	1
GCF_002290025.1	Enterococcus thailandicus	1	1	1	1	1	1	1	1	4	1	1	1	2	1	1	1	1
GCF_900104595.1	Enterococcus timonensis	1	1	1	1	2	1	1	1	2	1	1	1	2	1	1	1	1
GCF_001730285.1	Enterococcus ureasiticus	1	1	1	2	1	1	1	1	4	1	1	1	2	1	1	1	1
GCF_001730315.1	Enterococcus ureilyticus	1	1	1	2	1	1	1	1	4	1	1	1	2	1	1	1	1
GCF_005405345.1	Enterococcus viikkiensis	1	1	1	1	1	1	1	1	4	1	1	1	1	1	1	1	1
GCF_000407205.1	Enterococcus villorum	1	1	1	1	1	1	1	0	3	1	1	1	2	1	1	1	1
GCF_002197645.1	Enterococcus wangshanyuanii	1	1	1	2	1	1	1	1	4	1	1	1	2	1	1	1	1
GCF_005405365.1	Enterococcus xiangfangensis	1	1	1	1	1	1	1	1	2	1	1	1	2	2	1	1	1
GCF_000183205.1	Eremococcus coleocola	1	1	0	1	1	1	1	1	1	1	1	1	2	1	1	1	1
GCF_000301035.1	Facklamia hominis	1	1	0	1	1	1	1	1	1	1	1	1	2	1	0	1	1
GCF_015863265.1	Facklamia lactis	0	1	0	1	1	1	1	1	1	1	1	1	2	1	1	1	1
GCF_000245795.1	Facklamia languida	1	1	0	1	1	1	1	1	1	1	1	1	2	1	1	1	1
GCF_900100775.1	Facklamia miroungae	1	1	0	1	1	1	1	1	1	1	1	1	2	1	1	1	1
GCF_002847645.1	Falseniella ignava	1	1	0	1	1	1	1	1	1	1	1	1	2	1	1	1	1
GCF_001832885.1	Floricoccus penangensis	0	1	1	1	1	1	1	1	2	1	1	1	2	1	1	1	1
GCF_001832905.1	Floricoccus tropicus	0	1	1	1	1	1	1	1	2	1	1	1	2	1	1	1	1
GCF_024029675.1	Fructilactobacillus carniphilus	1	1	1	1	1	1	1	1	2	1	1	1	2	1	0	1	1
GCF_024029595.1	Fructilactobacillus cliffordii	1	1	1	1	1	1	1	1	2	1	1	1	2	1	0	1	1
GCF_000512295.1	Fructilactobacillus florum	1	1	1	1	1	1	1	1	2	1	1	1	2	1	0	1	1
GCF_000814735.1	Fructilactobacillus fructivorans	1	1	1	1	1	1	1	1	2	1	1	1	2	1	1	1	1
GCF_024029435.1	Fructilactobacillus hinvesii	1	1	1	1	1	1	1	1	2	1	1	1	2	1	0	1	1
GCF_024029915.1	Fructilactobacillus ixorae	1	1	1	1	1	1	1	1	2	1	1	1	2	1	0	1	1
GCF_001702115.1	Fructilactobacillus lindneri	1	1	1	1	2	1	1	1	2	1	1	1	2	1	0	1	1
GCF_024029335.1	Fructilactobacillus myrtifloralis	1	1	1	1	1	1	1	1	2	1	1	1	2	1	0	1	1
GCF_009496975.1	Fructilactobacillus sanfranciscensis	1	1	0	1	1	1	1	1	2	1	1	1	2	1	1	1	1
GCF_024029775.1	Fructobacillus americanaquae	1	1	1	1	1	0	0	0	1	1	1	1	1	1	0	0	1
GCF_023893635.1	Fructobacillus apis	1	1	1	1	1	0	0	0	1	1	1	1	1	1	0	0	1
GCF_018437275.1	Fructobacillus broussonetiae	1	1	1	1	1	0	0	0	1	1	1	1	1	1	0	0	1
GCF_023218935.1	Fructobacillus cardui	1	1	1	1	1	0	0	0	1	1	1	1	1	1	0	0	1
GCF_900112405.1	Fructobacillus durionis	1	1	1	1	1	0	0	0	1	1	1	1	1	1	0	0	1
GCF_001047075.2	Fructobacillus ficulneus	1	1	1	1	1	0	0	0	1	0	1	1	1	1	0	0	1
GCF_014489725.1	Fructobacillus fructosus	1	1	1	1	1	0	0	0	1	1	1	1	1	1	0	0	1
GCF_018437225.1	Fructobacillus papyriferae	1	1	1	1	1	0	0	0	1	1	1	1	1	1	0	0	1
GCF_018437235.1	Fructobacillus papyrifericola	1	1	1	1	1	0	0	0	1	1	1	1	1	1	0	0	1
GCF_018437265.1	Fructobacillus parabroussonetiae	1	1	1	1	1	0	0	0	1	1	1	1	1	1	0	0	1
GCF_900108455.1	Fructobacillus pseudoficulneus	1	1	1	1	1	0	0	0	1	1	1	1	1	1	0	0	1
GCF_016860625.1	Fructobacillus tropaeoli	1	1	1	1	1	0	0	0	1	1	1	1	1	1	0	0	1
GCF_009659415.1	Fundicoccus ignavus	1	0	0	1	1	1	1	1	1	1	1	1	2	1	1	1	1
GCF_029509535.1	Furfurilactobacillus milii	1	1	1	1	1	1	1	1	2	1	1	1	2	1	1	1	1
GCF_013394005.1	Furfurilactobacillus rossiae	1	1	1	1	1	1	1	1	2	1	1	1	2	1	1	1	1
GCF_007989765.1	Furfurilactobacillus siliginis	1	1	1	1	1	1	1	1	2	1	1	1	2	1	1	1	1
GCF_002847845.2	Globicatella sanguinis	1	1	0	1	1	1	1	1	1	0	1	1	2	1	1	1	1
GCF_900167405.1	Globicatella sulfidifaciens	1	1	0	1	1	1	1	1	1	0	1	1	2	1	1	1	1
GCF_019931005.1	Granulicatella adiacens	1	1	1	1	1	1	1	1	2	1	1	1	2	1	1	1	1
GCF_900111135.1	Granulicatella balaenopterae	1	1	1	1	1	1	1	1	2	1	1	1	2	1	1	1	1
GCF_000162475.2	Granulicatella elegans	1	1	1	1	1	1	1	1	1	1	1	1	2	1	1	1	1
GCF_001436605.1	Holzapfeliella floricola	0	1	0	1	1	1	1	1	2	1	1	1	1	1	1	0	1
GCF_000518205.1	Hutsoniella sourekii	1	1	0	1	1	1	1	1	1	1	1	1	2	1	1	1	1
GCF_023195815.2	Ignavigranum ruoffiae	1	1	0	1	1	1	1	1	1	1	1	1	2	1	1	1	1
GCF_900111355.1	Isobaculum melis	1	1	1	1	1	1	1	1	3	1	1	1	2	1	1	1	1
GCF_011100465.1	Jeotgalibaca arthritidis	1	1	1	1	1	1	1	1	2	1	1	1	2	1	1	1	1
GCF_003955755.1	Jeotgalibaca ciconiae	1	1	1	1	1	1	1	1	2	1	1	1	2	1	1	1	1
GCF_001263715.1	Jeotgalibaca dankookensis	1	1	1	1	1	1	1	1	2	1	1	1	2	1	1	1	1
GCF_011299095.1	Jeotgalibaca porci	1	1	1	1	1	1	1	1	2	1	1	1	2	1	1	1	1
GCF_013407595.1	Lacticaseibacillus absianus	1	1	1	1	2	1	1	1	2	1	1	1	1	0	1	1	1
GCF_003946165.1	Lacticaseibacillus baoqingensis	1	1	1	1	2	1	1	1	2	1	1	1	1	0	1	1	1
GCF_001436115.1	Lacticaseibacillus brantae	1	1	1	1	1	1	1	1	2	1	1	1	1	0	1	1	1
GCF_001436615.1	Lacticaseibacillus camelliae	1	1	1	1	1	1	1	1	2	1	1	1	1	0	1	1	1
GCF_000829055.1	Lacticaseibacillus casei	1	1	1	1	1	1	1	1	2	1	1	1	1	0	1	1	1
GCF_018363075.1	Lacticaseibacillus chiayiensis	1	1	1	1	1	1	1	1	2	1	1	1	1	0	1	1	1
GCF_003946115.1	Lacticaseibacillus daqingensis	1	1	1	1	1	1	1	1	2	1	1	1	1	0	1	1	1
GCF_003946465.1	Lacticaseibacillus hegangensis	1	1	1	1	1	1	1	1	2	1	1	1	1	0	1	1	1
GCF_004010095.1	Lacticaseibacillus hulanensis	1	1	1	1	2	1	1	1	2	1	1	1	1	0	1	1	1
GCF_003946485.1	Lacticaseibacillus jixianensis	1	1	1	1	1	1	1	1	2	1	1	1	1	0	1	1	1
GCF_020180945.1	Lacticaseibacillus kribbianus	1	1	1	1	1	1	1	1	2	1	1	1	1	0	1	1	1
GCF_009184845.1	Lacticaseibacillus manihotivorans	1	1	1	1	2	1	1	1	2	1	1	1	1	0	1	1	1
GCF_016861765.1	Lacticaseibacillus mingshuiensis	1	1	1	1	1	1	1	1	2	1	1	1	1	0	1	1	1
GCF_001434705.1	Lacticaseibacillus nasuensis	1	1	0	1	1	1	1	1	2	1	1	1	1	0	1	1	1
GCF_001591865.1	Lacticaseibacillus pantheris	1	1	1	1	2	1	1	1	2	1	1	1	1	0	1	1	1
GCF_000155515.2	Lacticaseibacillus paracasei	1	1	1	1	1	1	1	1	2	1	1	1	1	0	1	1	1
GCF_025490915.1	Lacticaseibacillus parakribbianus	1	1	1	1	1	1	1	1	2	1	1	1	1	0	1	1	1
GCF_003946305.1	Lacticaseibacillus porcinae	1	1	1	1	2	1	1	1	2	1	1	1	1	0	1	1	1
GCF_006151905.1	Lacticaseibacillus rhamnosus	1	1	1	1	1	1	1	1	2	1	1	1	1	0	1	1	1
GCF_001437465.1	Lacticaseibacillus saniviri	1	1	1	1	1	1	1	1	2	1	1	1	1	0	1	1	1
GCF_001436225.1	Lacticaseibacillus sharpeae	1	1	1	1	2	1	1	1	2	1	1	1	1	0	1	1	1
GCF_003946025.1	Lacticaseibacillus songhuajiangensis	1	1	1	1	2	1	1	1	2	1	1	1	1	0	1	1	1
GCF_003946175.1	Lacticaseibacillus suibinensis	1	1	1	1	1	1	1	1	2	1	1	1	1	0	1	1	1
GCF_016861845.1	Lacticaseibacillus suilingensis	1	1	1	1	1	1	1	1	2	1	1	1	1	0	1	1	1
GCF_001436135.1	Lacticaseibacillus thailandensis	1	1	1	1	2	1	1	1	2	1	1	1	1	0	1	1	1
GCF_003946405.1	Lacticaseibacillus yichunensis	1	1	1	1	1	1	1	1	2	1	1	1	1	0	1	1	1
GCF_900492555.1	Lacticaseibacillus zeae	1	1	1	1	1	1	1	1	2	1	1	1	1	0	1	1	1
GCF_009687905.1	Lacticaseibacillus zhaodongensis	1	1	1	1	2	1	1	1	2	1	1	1	1	0	1	1	1
GCF_000425865.1	Lacticigenium naphthae	1	1	1	1	3	1	1	1	2	1	1	1	2	1	1	1	1
GCF_007991855.1	Lactiplantibacillus argentoratensis	1	1	1	1	1	1	1	1	2	1	1	1	2	1	1	1	1
GCF_005405005.1	Lactiplantibacillus daoliensis	1	1	1	1	1	1	1	1	2	1	1	1	2	1	1	1	1
GCF_005405085.1	Lactiplantibacillus daowaiensis	1	1	1	1	1	1	1	1	2	1	1	1	2	1	1	1	1
GCF_005405105.1	Lactiplantibacillus dongliensis	1	1	1	1	1	1	1	1	2	1	1	1	2	1	1	1	1
GCF_000565485.1	Lactiplantibacillus fabifermentans	1	1	1	1	1	1	1	1	2	1	1	1	2	1	1	1	1
GCF_003885105.1	Lactiplantibacillus garii	1	1	1	1	1	1	1	1	2	1	1	1	2	1	1	1	1
GCF_001039045.1	Lactiplantibacillus herbarum	1	1	1	1	1	1	1	1	2	1	1	1	2	1	1	1	1
GCF_005405425.1	Lactiplantibacillus modestisalitolerans	1	1	1	1	1	1	1	1	2	1	1	1	2	1	1	1	1
GCF_005405385.1	Lactiplantibacillus mudanjiangensis	1	1	1	1	1	1	1	1	2	1	1	1	2	1	1	1	1
GCF_005405065.1	Lactiplantibacillus nangangensis	1	1	1	1	1	1	1	1	2	1	1	1	2	1	1	1	1
GCF_029025825.1	Lactiplantibacillus paraplantarum	1	1	1	1	1	1	1	1	2	1	1	1	2	1	1	1	1
GCF_003641185.1	Lactiplantibacillus pentosus	1	1	1	1	1	1	1	1	2	1	1	1	2	1	1	1	1
GCF_005404945.1	Lactiplantibacillus pingfangensis	1	1	1	1	1	1	1	1	2	1	1	1	2	1	1	1	1
GCF_005405405.1	Lactiplantibacillus plajomi	1	1	1	1	1	1	1	1	2	1	1	1	2	1	1	1	1
GCF_009913655.1	Lactiplantibacillus plantarum	1	1	1	1	1	1	1	1	2	1	1	1	2	1	1	1	1
GCF_005405125.1	Lactiplantibacillus songbeiensis	1	1	1	1	1	1	1	1	2	1	1	1	2	1	1	1	1
GCF_001438845.1	Lactiplantibacillus xiangfangensis	1	1	1	1	1	1	1	1	2	1	1	1	2	1	1	1	1
GCF_008831485.1	Lactobacillus acetotolerans	1	1	1	1	1	1	1	1	2	1	1	1	1	1	1	0	1
GCF_000389675.2	Lactobacillus acidophilus	1	1	1	1	1	1	1	1	2	1	1	1	1	1	1	0	1
GCF_943193025.1	Lactobacillus agrestimuris	1	1	1	1	1	1	1	1	2	1	1	1	1	1	1	0	1
GCF_003999355.1	Lactobacillus amylolyticus	1	1	1	1	1	1	1	1	2	1	1	1	1	1	1	0	1
GCF_000194115.1	Lactobacillus amylovorus	1	1	1	1	1	1	1	1	2	1	1	1	1	1	1	0	1
GCF_003150935.1	Lactobacillus apis	1	1	1	1	1	1	1	1	2	1	1	1	1	1	1	0	1
GCF_002916915.1	Lactobacillus bombicola	1	1	1	1	1	1	1	1	2	1	1	1	1	1	1	0	1
GCF_017874575.1	Lactobacillus colini	1	1	1	1	1	1	1	1	2	1	1	1	1	1	1	0	1
GCF_018327645.1	Lactobacillus corticis	1	1	1	1	1	1	1	1	2	1	1	1	1	1	1	0	1
GCF_009769205.1	Lactobacillus crispatus	1	1	1	1	1	1	1	1	2	1	1	1	1	1	1	0	1
GCF_001888925.1	Lactobacillus delbrueckii	1	1	1	1	1	1	1	1	2	1	1	1	1	1	1	0	1
GCF_001434815.1	Lactobacillus equicursoris	1	1	1	1	1	1	1	1	2	1	1	1	1	1	1	0	1
GCF_002160635.1	Lactobacillus gallinarum	1	1	1	1	1	1	1	1	2	1	1	1	1	1	1	0	1
GCF_008868535.1	Lactobacillus gasseri	1	1	1	1	1	1	1	1	2	1	1	1	1	1	1	0	1
GCF_001436575.1	Lactobacillus gigeriorum	1	1	1	1	1	1	1	1	2	1	1	1	1	1	1	0	1
GCF_001434515.1	Lactobacillus hamsteri	1	1	1	1	1	1	1	1	2	1	1	1	1	1	1	0	1
GCF_003173695.1	Lactobacillus helsingborgensis	1	1	1	1	1	1	1	1	2	1	1	1	1	1	1	0	1
GCF_003053085.1	Lactobacillus helveticus	1	1	1	1	1	1	1	1	2	1	1	1	1	1	1	0	1
GCF_000296835.1	Lactobacillus hominis	1	1	1	1	1	1	1	1	2	1	1	1	1	1	1	0	1
GCF_019972855.1	Lactobacillus huangpiensis	1	1	1	1	1	1	1	1	2	1	1	1	1	1	1	0	1
GCF_009556455.1	Lactobacillus iners	1	1	1	1	1	1	1	1	2	1	1	1	1	1	1	0	1
GCF_024397795.1	Lactobacillus intestinalis	1	1	1	1	1	1	1	1	2	1	1	1	1	1	1	0	1
GCF_001936235.1	Lactobacillus jensenii	1	1	1	1	1	1	1	1	2	1	1	1	1	1	1	0	1
GCF_014058685.1	Lactobacillus johnsonii	1	1	1	1	1	1	1	1	2	1	1	1	1	1	1	0	1
GCF_001434335.1	Lactobacillus kalixensis	1	1	1	1	1	1	1	1	2	1	1	1	1	1	1	0	1
GCF_014656585.1	Lactobacillus kefiranofaciens	1	1	1	1	1	1	1	1	2	1	1	1	1	1	1	0	1
GCF_000970755.1	Lactobacillus kimbladii	1	1	1	1	1	1	1	1	2	1	1	1	1	1	1	0	1
GCF_001434435.1	Lactobacillus kitasatonis	1	1	1	1	1	1	1	1	2	1	1	1	1	1	1	0	1
GCF_003151025.1	Lactobacillus kullabergensis	1	1	1	1	1	1	1	1	2	1	1	1	1	1	1	0	1
GCF_019972835.1	Lactobacillus laiwuensis	1	1	1	1	1	1	1	1	2	1	1	1	1	1	1	0	1
GCF_024701915.1	Lactobacillus leichmannii	1	1	1	1	1	1	1	1	2	1	1	1	1	1	1	0	1
GCF_000970775.1	Lactobacillus melliventris	1	1	1	1	1	1	1	1	2	1	1	1	1	1	1	0	1
GCF_026184115.1	Lactobacillus mulieris	1	1	1	1	1	1	1	1	2	1	1	1	1	1	1	0	1
GCF_016587815.1	Lactobacillus nasalidis	1	1	1	1	1	1	1	1	2	1	1	1	1	1	1	0	1
GCF_019469265.1	Lactobacillus panisapium	1	1	1	1	1	1	1	1	2	1	1	1	1	1	1	0	1
GCF_005886075.1	Lactobacillus paragasseri	1	1	1	1	1	1	1	1	2	1	1	1	1	1	1	0	1
GCF_000297025.1	Lactobacillus pasteurii	1	1	1	1	1	1	1	1	2	1	1	1	1	1	1	0	1
GCF_009695985.1	Lactobacillus porci	1	1	1	1	1	1	1	1	2	1	1	1	1	1	1	0	1
GCF_000425905.1	Lactobacillus psittaci	1	1	1	1	1	1	1	1	2	1	1	1	1	1	1	0	1
GCF_024622425.1	Lactobacillus rodentium	1	1	1	1	1	1	1	1	1	1	1	1	1	1	1	0	1
GCF_001437205.1	Lactobacillus selangorensis	1	1	1	1	1	1	1	1	2	1	1	1	1	0	1	1	1
GCF_017894345.1	Lactobacillus taiwanensis	1	1	1	1	1	1	1	1	2	1	1	1	1	1	1	0	1
GCF_002762335.1	Lactobacillus terrae	1	1	1	1	1	1	1	1	2	1	1	1	2	0	1	1	1
GCF_016647595.1	Lactobacillus ultunensis	1	1	1	1	1	1	1	1	2	1	1	1	1	1	1	0	1
GCF_004009905.1	Lactobacillus xujianguonis	1	1	1	1	1	1	1	1	2	1	1	1	1	1	1	0	1
GCF_003627095.1	Lactococcus allomyrinae	0	1	1	1	1	1	1	1	2	1	1	1	1	1	1	1	1
GCF_006770265.1	Lactococcus carnosus	0	1	1	1	0	1	1	1	2	1	1	1	2	1	1	1	1
GCF_002441885.1	Lactococcus chungangensis	0	1	1	1	1	1	1	1	2	1	1	1	2	1	1	1	1
GCF_000468955.1	Lactococcus cremoris	0	1	1	1	1	1	1	1	2	1	1	1	2	1	1	1	1
GCF_018403745.1	Lactococcus formosensis	0	1	1	1	1	1	1	1	2	1	1	1	2	1	1	1	1
GCF_002441655.1	Lactococcus fujiensis	0	1	1	1	1	1	1	1	2	1	1	1	2	0	1	1	1
GCF_016026695.1	Lactococcus garvieae	0	1	1	1	1	1	1	1	2	1	1	1	2	1	1	1	1
GCF_009601015.1	Lactococcus hircilactis	0	1	1	1	1	1	1	1	2	1	1	1	2	0	1	1	1
GCF_011170085.1	Lactococcus hodotermopsidis	0	1	1	1	1	1	1	1	2	1	1	1	2	1	1	1	1
GCF_943193185.1	Lactococcus ileimucosae	0	1	1	1	1	1	1	1	2	1	1	1	2	1	1	1	1
GCF_011170065.1	Lactococcus insecticola	0	1	1	1	1	1	1	1	2	1	1	1	2	1	1	1	1
GCF_020463755.1	Lactococcus lactis	0	1	1	1	1	1	1	1	3	1	1	1	2	1	1	1	1
GCF_013449735.1	Lactococcus laudensis	0	1	1	1	1	1	1	1	2	1	1	1	2	1	1	1	1
GCF_943192955.1	Lactococcus muris	0	1	1	1	1	1	1	1	2	1	1	1	2	1	1	1	1
GCF_018403765.1	Lactococcus nasutitermitis	0	1	1	1	1	1	1	1	2	1	1	1	2	1	1	1	1
GCF_006770285.1	Lactococcus paracarnosus	0	1	1	1	1	1	1	1	2	1	1	1	2	1	1	1	1
GCF_023499275.1	Lactococcus petauri	0	1	1	1	1	1	1	1	2	1	1	1	2	1	1	1	1
GCF_002441695.1	Lactococcus piscium	0	1	1	1	1	1	1	1	2	1	1	1	2	1	1	1	1
GCF_001591745.1	Lactococcus plantarum	0	1	1	1	1	1	1	1	2	1	1	1	2	1	1	1	1
GCF_006965445.1	Lactococcus protaetiae	0	1	1	0	0	0	1	1	2	0	1	1	1	1	1	1	1
GCF_002310475.1	Lactococcus raffinolactis	0	1	1	1	1	1	1	1	2	1	1	1	2	1	1	1	1
GCF_002260845.1	Lactococcus reticulitermitis	0	1	1	1	1	1	1	1	2	1	1	1	2	1	1	1	1
GCF_017068355.1	Lactococcus taiwanensis	0	1	1	1	1	1	1	1	2	1	1	1	2	1	1	1	1
GCF_003116835.1	Lactococcus termiticola	0	1	1	1	1	1	1	1	2	1	1	1	2	1	1	1	1
GCF_014202895.1	Lactovum miscens	0	0	0	0	1	1	1	1	2	1	1	1	1	1	1	1	1
GCF_003946655.1	Lapidilactobacillus achengensis	1	1	1	1	1	1	1	1	2	1	1	1	2	1	1	1	1
GCF_003946695.1	Lapidilactobacillus bayanensis	1	1	1	1	2	1	1	1	2	1	1	1	2	1	1	1	1
GCF_007989025.1	Lapidilactobacillus concavus	1	1	1	1	2	1	1	1	2	1	1	1	2	1	1	1	1
GCF_008831385.1	Lapidilactobacillus dextrinicus	1	1	1	1	2	1	1	1	2	1	1	1	2	1	1	1	1
GCF_003946675.1	Lapidilactobacillus gannanensis	1	1	1	1	1	1	1	1	2	1	1	1	2	1	1	1	1
GCF_024345205.1	Lapidilactobacillus luobeiensis	1	1	1	1	1	1	1	1	2	1	1	1	2	1	1	1	1
GCF_003946215.1	Lapidilactobacillus mulanensis	1	1	1	1	2	1	1	1	2	1	1	1	2	1	1	1	1
GCF_003946645.1	Lapidilactobacillus wuchangensis	1	1	1	1	1	1	1	1	2	1	1	1	2	1	1	1	1
GCF_004101845.1	Latilactobacillus curvatus	1	1	1	1	1	1	1	1	2	1	1	1	2	0	1	1	1
GCF_905332535.1	Latilactobacillus fragifolii	1	1	1	1	1	1	1	1	2	1	1	1	2	0	1	1	1
GCF_900258455.1	Latilactobacillus fuchuensis	1	1	1	1	1	1	1	1	2	1	1	1	2	0	1	1	1
GCF_009025875.1	Latilactobacillus graminis	1	1	1	1	1	1	1	1	2	1	1	1	2	0	1	1	1
GCF_009676365.1	Latilactobacillus sakei	1	1	1	1	1	1	1	1	2	1	1	1	2	0	1	1	1
GCF_018314255.1	Lentilactobacillus buchneri	1	1	1	1	1	1	1	1	2	1	1	1	2	1	1	1	1
GCF_000785105.2	Lentilactobacillus curieae	1	1	1	1	1	1	1	1	2	1	1	1	2	1	1	1	1
GCF_001434255.1	Lentilactobacillus diolivorans	1	1	1	1	1	1	1	1	2	1	1	1	2	1	1	1	1
GCF_001435875.1	Lentilactobacillus farraginis	1	1	1	1	1	1	1	1	2	1	1	1	2	1	1	1	1
GCF_016860605.1	Lentilactobacillus fungorum	1	1	1	1	1	1	1	1	2	1	1	1	2	1	1	1	1
GCF_009832765.1	Lentilactobacillus hilgardii	1	1	1	1	1	1	1	1	2	1	1	1	2	1	1	1	1
GCF_009739535.1	Lentilactobacillus kefiri	1	1	1	1	1	1	1	1	2	1	1	1	2	1	1	1	1
GCF_001434135.1	Lentilactobacillus kisonensis	1	1	1	1	1	1	1	1	2	1	1	1	2	1	1	1	1
GCF_003864335.1	Lentilactobacillus kosonis	1	1	1	0	1	1	1	0	1	1	0	1	1	1	1	1	0
GCF_013184075.1	Lentilactobacillus kribbianus	1	1	1	1	1	1	1	1	2	1	1	1	1	1	1	1	1
GCF_020616595.1	Lentilactobacillus laojiaonis	1	1	1	1	1	1	1	1	2	1	1	1	1	1	1	1	1
GCF_001434145.1	Lentilactobacillus otakiensis	1	1	1	1	1	1	1	1	2	1	1	1	2	1	1	1	1
GCF_014879295.1	Lentilactobacillus parabuchneri	1	1	1	1	1	1	1	1	2	1	1	1	2	1	1	1	1
GCF_005864225.1	Lentilactobacillus parafarraginis	1	1	1	1	1	1	1	0	2	1	1	1	2	1	1	1	1
GCF_002276885.1	Lentilactobacillus parakefiri	1	1	1	1	1	1	1	1	2	1	1	1	2	1	1	1	1
GCF_900411375.1	Lentilactobacillus raoultii	1	1	1	1	1	1	1	1	2	1	1	1	2	1	1	1	1
GCF_001436255.1	Lentilactobacillus rapi	1	1	1	1	1	1	1	1	2	1	1	1	2	1	1	1	1
GCF_001436555.1	Lentilactobacillus senioris	1	1	1	1	1	1	1	1	2	1	1	1	2	1	1	1	1
GCF_001766745.1	Lentilactobacillus sunkii	1	1	1	1	1	1	1	1	2	1	1	1	2	1	1	1	1
GCF_007954525.1	Leuconostoc carnosum	1	1	1	1	1	0	0	0	1	1	1	1	1	1	0	1	1
GCF_007954785.1	Leuconostoc citreum	1	1	1	1	1	0	0	0	1	1	1	1	1	1	0	1	1
GCF_025211425.1	Leuconostoc falkenbergense	1	1	1	1	1	0	0	0	1	1	1	1	1	1	0	1	1
GCF_004354645.1	Leuconostoc fallax	1	1	0	1	1	0	0	0	1	1	1	1	1	1	0	1	1
GCF_000196855.1	Leuconostoc gasicomitatum	1	1	1	1	1	0	0	0	1	1	1	1	1	1	0	1	1
GCF_000298875.1	Leuconostoc gelidum	1	1	1	1	1	0	0	0	1	1	1	1	1	1	0	1	1
GCF_019655995.1	Leuconostoc holzapfelii	1	1	1	1	1	0	0	0	1	1	1	1	1	1	0	1	1
GCF_019656015.1	Leuconostoc inhae	1	1	1	1	1	0	0	0	1	1	1	1	1	1	0	1	1
GCF_000092505.1	Leuconostoc kimchii	1	1	1	1	1	0	0	0	1	1	1	1	1	1	0	1	1
GCF_007954605.1	Leuconostoc lactis	1	1	1	1	1	0	0	0	1	1	1	1	1	1	0	1	1
GCF_008107645.1	Leuconostoc litchii	1	1	1	1	1	0	0	0	1	1	1	1	1	1	0	1	1
GCF_009913915.1	Leuconostoc mesenteroides	1	1	1	1	1	0	0	0	1	1	1	1	1	1	0	1	1
GCF_019656055.1	Leuconostoc miyukkimchii	1	1	1	1	1	0	0	0	1	1	1	1	1	1	0	1	1
GCF_019656075.1	Leuconostoc palmae	1	1	1	1	1	0	0	0	1	1	1	1	1	1	0	1	1
GCF_016127255.1	Leuconostoc pseudomesenteroides	1	1	1	1	1	0	0	0	1	1	1	1	1	1	0	1	1
GCF_019656095.1	Leuconostoc rapi	1	1	1	1	1	0	0	0	1	1	1	1	1	1	0	1	1
GCF_900289205.1	Leuconostoc suionicum	1	1	1	1	1	0	0	0	1	1	1	1	1	1	0	1	1
GCF_001434835.1	Levilactobacillus acidifarinae	1	1	1	1	1	1	1	1	2	1	1	1	2	1	1	1	1
GCF_016861695.1	Levilactobacillus andaensis	1	1	1	1	1	1	1	1	2	1	1	1	2	1	1	1	1
GCF_003946085.1	Levilactobacillus angrenensis	1	1	1	1	1	1	1	1	2	1	1	1	2	1	1	1	1
GCF_003124125.1	Levilactobacillus bambusae	1	1	1	1	1	1	1	1	2	1	1	1	2	1	1	1	1
GCF_003813165.1	Levilactobacillus brevis	1	1	1	1	1	1	1	1	2	1	1	1	2	1	1	1	1
GCF_003946245.1	Levilactobacillus cerevisiae	1	1	1	1	1	1	1	0	2	1	1	1	2	1	1	1	1
GCF_007115095.1	Levilactobacillus enshiensis	1	1	1	1	1	1	1	1	2	1	1	1	2	1	1	1	1
GCF_003946335.1	Levilactobacillus fujinensis	1	1	1	1	1	1	1	1	2	1	1	1	2	1	1	1	1
GCF_003946395.1	Levilactobacillus fuyuanensis	1	1	1	1	1	1	1	1	2	1	1	1	2	1	1	1	1
GCF_001434395.1	Levilactobacillus hammesii	1	1	1	1	1	1	1	1	2	1	1	1	2	1	1	1	1
GCF_003946145.1	Levilactobacillus huananensis	1	1	1	1	1	1	1	1	2	1	1	1	2	1	1	1	1
GCF_024345185.1	Levilactobacillus humaensis	1	1	1	1	1	1	1	1	2	1	1	1	2	1	1	1	1
GCF_001050435.1	Levilactobacillus koreensis	1	1	1	1	1	1	1	1	2	1	1	1	2	1	1	1	1
GCF_016861655.1	Levilactobacillus lanxiensis	1	1	1	1	1	1	1	0	2	1	1	1	2	1	1	1	1
GCF_003946095.1	Levilactobacillus lindianensis	1	1	1	1	1	1	1	1	2	1	1	1	2	1	1	1	1
GCF_003946045.1	Levilactobacillus mulengensis	1	1	1	1	1	1	1	0	2	1	1	1	2	1	1	1	1
GCF_007992015.1	Levilactobacillus namurensis	1	1	1	1	1	1	1	1	2	1	1	1	2	1	1	1	1
GCF_001434055.1	Levilactobacillus parabrevis	1	1	1	1	1	1	1	1	2	1	1	1	2	1	1	1	1
GCF_001437125.1	Levilactobacillus paucivorans	1	1	1	1	1	1	1	1	2	1	1	1	2	1	1	1	1
GCF_001592085.1	Levilactobacillus senmaizukei	1	1	1	1	1	1	1	1	2	1	1	1	2	1	1	1	1
GCF_000965255.1	Levilactobacillus spicheri	1	1	1	1	1	1	1	1	2	1	1	1	2	1	1	1	1
GCF_014069315.1	Levilactobacillus suantsaii	1	1	1	1	1	1	1	1	2	1	1	1	2	1	1	1	1
GCF_004745505.1	Levilactobacillus suantsaiihabitans	1	1	1	1	1	1	1	1	2	1	1	1	2	1	1	1	1
GCF_003946545.1	Levilactobacillus tangyuanensis	1	1	1	1	1	1	1	1	2	1	1	1	2	1	1	1	1
GCF_003946345.1	Levilactobacillus tongjiangensis	1	1	1	1	1	1	1	1	2	1	1	1	2	1	1	1	1
GCF_022509905.1	Levilactobacillus tujiorum	1	1	1	1	1	1	1	1	1	1	1	1	2	1	1	1	1
GCF_016861585.1	Levilactobacillus wangkuiensis	1	1	1	1	1	1	1	0	2	1	1	1	2	1	1	1	1
GCF_024718525.1	Levilactobacillus yiduensis	1	1	1	1	1	1	1	1	2	1	1	1	2	1	1	1	1
GCF_003946265.1	Levilactobacillus yonginensis	1	1	1	1	1	1	1	1	2	1	1	1	2	1	1	1	1
GCF_009295845.1	Levilactobacillus zymae	1	1	1	1	1	1	1	1	2	1	1	1	2	1	1	1	1
GCF_900116935.1	Ligilactobacillus acidipiscis	1	1	1	1	1	1	1	1	2	1	1	1	2	0	1	1	1
GCF_025311475.1	Ligilactobacillus agilis	1	1	1	1	1	1	1	1	2	1	1	1	2	1	1	1	1
GCF_009933595.1	Ligilactobacillus animalis	0	1	1	1	1	1	1	1	2	1	1	1	2	1	1	1	1
GCF_001434405.1	Ligilactobacillus apodemi	0	1	1	1	1	1	1	1	2	1	1	1	2	1	1	1	1
GCF_001435375.1	Ligilactobacillus araffinosus	1	1	1	1	1	1	1	1	2	1	1	1	2	1	1	1	1
GCF_001436315.1	Ligilactobacillus aviarius	1	1	1	1	1	1	1	1	2	1	1	1	2	1	1	1	1
GCF_000423245.1	Ligilactobacillus ceti	1	1	1	1	1	1	1	1	2	1	1	1	2	1	1	1	1
GCF_000504525.1	Ligilactobacillus equi	1	1	1	1	2	1	1	1	1	1	1	1	2	1	1	1	1
GCF_029889745.1	Ligilactobacillus faecis	0	1	1	1	1	1	1	1	2	1	1	1	2	1	1	1	1
GCF_001434455.1	Ligilactobacillus hayakitensis	1	1	1	1	1	1	1	1	1	1	1	1	2	1	1	1	1
GCF_003288115.1	Ligilactobacillus murinus	0	1	1	1	1	1	1	1	2	1	1	1	2	1	1	1	1
GCF_022836475.1	Ligilactobacillus pabuli	1	1	1	1	1	1	1	1	2	1	1	1	2	0	1	1	1
GCF_007991295.1	Ligilactobacillus pobuzihii	1	1	1	1	1	1	1	1	2	1	1	1	2	0	1	1	1
GCF_000224985.1	Ligilactobacillus ruminis	1	1	0	1	1	1	1	1	2	1	1	1	2	1	1	1	0
GCF_000317165.1	Ligilactobacillus saerimneri	1	1	1	1	1	1	1	1	1	1	1	1	2	1	1	1	1
GCF_003864415.1	Ligilactobacillus salitolerans	1	1	1	1	1	1	1	1	2	1	1	1	2	0	1	1	1
GCF_900094615.1	Ligilactobacillus salivarius	1	1	1	1	1	1	1	1	2	1	1	1	2	1	1	1	1
GCF_024160875.1	Ligilactobacillus ubinensis	1	1	1	1	1	1	1	1	2	1	1	1	2	1	1	1	1
GCF_943193105.1	Limosilactobacillus agrestimuris	1	1	1	1	1	1	1	1	2	1	1	1	2	1	1	1	1
GCF_021168665.1	Limosilactobacillus agrestis	0	1	1	1	1	1	1	1	1	1	1	1	2	1	1	1	1
GCF_021168615.1	Limosilactobacillus albertensis	1	1	1	1	1	1	1	1	2	1	1	1	2	1	1	1	1
GCF_016900115.1	Limosilactobacillus alvi	1	1	1	1	2	1	1	1	2	1	1	1	1	1	1	1	1
GCF_000160835.1	Limosilactobacillus antri	1	1	1	1	1	1	1	1	2	1	1	1	2	1	1	1	1
GCF_014836425.1	Limosilactobacillus avistercoris	1	1	1	1	1	1	1	1	2	1	1	1	2	1	1	1	1
GCF_014145615.1	Limosilactobacillus balticus	1	1	1	1	1	1	1	1	1	1	1	1	2	1	1	1	1
GCF_900156885.1	Limosilactobacillus caccae	1	1	1	1	1	1	1	1	2	1	1	1	2	1	1	1	1
GCF_943192935.1	Limosilactobacillus caecicola	1	1	1	1	1	1	1	1	2	1	1	1	1	1	1	1	1
GCF_014635905.1	Limosilactobacillus caviae	1	1	1	1	1	1	1	1	2	1	1	1	2	1	1	1	1
GCF_001435245.1	Limosilactobacillus equigenerosi	1	1	0	1	1	1	1	1	2	1	1	1	1	1	1	1	1
GCF_021168825.1	Limosilactobacillus fastidiosus	1	1	1	1	1	1	1	1	2	1	1	1	2	1	1	1	1
GCF_029961225.1	Limosilactobacillus fermentum	1	1	1	1	2	1	1	1	2	1	1	1	1	1	1	1	1
GCF_008876665.1	Limosilactobacillus frumenti	1	1	1	1	1	1	1	1	2	1	1	1	2	1	1	1	1
GCF_001434365.1	Limosilactobacillus gastricus	1	1	0	1	2	1	1	1	2	1	1	1	1	1	1	1	1
GCF_001293735.1	Limosilactobacillus gorillae	1	1	1	1	2	1	1	1	2	1	1	1	1	1	1	1	1
GCF_000312405.1	Limosilactobacillus ingluviei	1	1	1	1	1	1	1	1	2	1	1	1	1	1	1	1	1
GCF_026413145.1	Limosilactobacillus kribbianus	1	1	1	1	1	1	1	1	2	1	1	1	2	1	1	1	1
GCF_014898655.1	Limosilactobacillus mucosae	1	1	1	1	2	0	1	1	2	1	1	1	0	1	1	1	1
GCF_025311495.1	Limosilactobacillus oris	1	1	1	1	1	1	1	1	2	1	1	1	2	1	1	1	1
GCF_001435935.1	Limosilactobacillus panis	1	1	1	1	1	1	1	1	2	1	1	1	2	1	1	1	1
GCF_009428965.1	Limosilactobacillus pontis	1	1	1	1	1	1	1	1	2	1	1	1	2	1	1	1	1
GCF_028607025.1	Limosilactobacillus portuensis	1	1	1	1	1	1	1	1	2	1	1	1	2	1	1	1	1
GCF_003703885.1	Limosilactobacillus reuteri	1	1	1	1	1	1	1	1	2	1	1	1	2	1	1	1	1
GCF_021168575.1	Limosilactobacillus rudii	1	1	1	1	1	1	1	1	2	1	1	1	2	1	1	1	1
GCF_001437055.1	Limosilactobacillus secaliphilus	1	1	0	1	1	1	1	1	2	1	1	1	1	1	1	1	1
GCF_932750685.1	Limosilactobacillus urinaemulieris	1	1	1	1	1	1	1	1	2	1	1	1	2	1	1	1	1
GCF_025311515.1	Limosilactobacillus vaginalis	1	1	1	1	1	1	1	1	2	1	1	1	2	1	1	1	1
GCF_014830205.1	Limosilactobacillus walteri	1	1	1	1	1	1	1	1	2	1	1	1	2	1	1	1	1
GCF_001436755.1	Liquorilactobacillus aquaticus	1	1	1	1	1	1	1	1	2	1	1	1	2	1	1	1	1
GCF_001436735.1	Liquorilactobacillus cacaonum	1	1	1	1	1	1	1	1	2	1	1	1	2	1	1	1	1
GCF_001434915.1	Liquorilactobacillus capillatus	1	1	1	1	1	1	1	1	2	1	1	1	2	1	1	1	1
GCF_001435235.1	Liquorilactobacillus ghanensis	1	1	1	1	1	1	1	1	2	1	1	1	2	1	1	1	1
GCF_019443985.1	Liquorilactobacillus hordei	1	1	1	1	1	1	1	1	2	1	1	1	2	1	1	1	1
GCF_009184705.1	Liquorilactobacillus mali	1	1	1	1	1	1	1	1	2	1	1	1	2	1	1	1	1
GCF_019444005.1	Liquorilactobacillus nagelii	1	1	1	1	1	1	1	1	2	1	1	1	2	1	1	1	1
GCF_001436275.1	Liquorilactobacillus oeni	1	1	1	1	1	1	1	1	2	1	1	1	2	1	1	1	1
GCF_001435195.1	Liquorilactobacillus satsumensis	1	1	1	1	1	1	1	1	2	1	1	1	2	1	1	1	1
GCF_029916425.1	Liquorilactobacillus sicerae	1	0	1	1	1	1	1	1	2	1	1	1	2	1	1	1	1
GCF_001436705.1	Liquorilactobacillus sucicola	1	1	1	1	1	1	1	1	2	1	1	1	2	1	1	1	1
GCF_001434935.1	Liquorilactobacillus uvarum	1	1	1	1	1	1	1	1	2	1	1	1	2	1	1	1	1
GCF_001435395.1	Liquorilactobacillus vini	1	1	1	1	1	1	1	1	2	1	1	1	1	1	1	1	1
GCF_001663675.1	Loigolactobacillus backii	1	1	1	1	1	1	1	1	2	1	1	1	2	1	1	1	1
GCF_009650015.1	Loigolactobacillus bifermentans	1	1	1	1	1	1	1	1	2	1	1	1	2	1	1	1	1
GCF_005405165.1	Loigolactobacillus binensis	1	1	1	1	1	1	1	1	2	1	1	1	2	1	1	1	1
GCF_002706425.1	Loigolactobacillus coryniformis	1	1	1	1	1	1	1	1	2	1	1	1	2	1	1	1	1
GCF_003950295.1	Loigolactobacillus iwatensis	1	1	1	1	1	1	1	1	2	1	1	1	2	1	1	1	1
GCF_003946445.1	Loigolactobacillus jiayinensis	1	1	1	1	1	1	1	1	2	1	1	1	2	1	1	1	1
GCF_001436505.1	Loigolactobacillus rennini	1	1	1	1	1	1	1	1	2	1	1	1	2	1	1	1	1
GCF_003946385.1	Loigolactobacillus zhaoyuanensis	1	1	1	1	1	1	1	1	2	1	1	1	2	1	1	1	1
GCF_900114235.1	Marinilactibacillus piezotolerans	1	1	1	1	4	1	1	1	2	1	1	1	2	1	1	1	1
GCF_007989385.1	Marinilactibacillus psychrotolerans	1	1	1	1	2	1	1	1	2	1	1	1	2	1	1	1	1
GCF_017599325.1	Marinilactibacillus sp.	1	0	1	1	2	1	1	1	4	1	1	1	2	1	1	1	1
GCF_003966875.1	Melissococcus plutonius	1	1	1	1	1	1	1	1	2	1	1	1	2	1	1	1	1
GCF_023380205.1	Nicoliella spurrieriana	0	1	1	1	1	1	1	1	2	1	1	1	2	1	1	1	1
GCF_000241055.1	Oenococcus kitaharae	1	1	0	1	1	0	0	0	2	1	1	0	1	0	0	0	1
GCF_020510245.1	Oenococcus oeni	1	1	0	1	1	0	0	0	2	1	1	0	1	0	0	0	1
GCF_004102045.2	Oenococcus sicerae	1	1	0	1	1	0	0	0	2	1	1	0	1	0	0	0	1
GCF_000829395.1	Paucilactobacillus hokkaidonensis	1	1	1	1	1	1	1	1	2	1	1	1	2	1	1	1	1
GCF_005405145.1	Paucilactobacillus kaifaensis	1	1	1	1	1	1	1	1	2	1	1	1	2	1	1	1	1
GCF_008632615.1	Paucilactobacillus nenjiangensis	1	1	0	1	2	1	1	1	2	1	1	1	2	1	1	1	1
GCF_900015005.1	Paucilactobacillus oligofermentans	1	1	0	1	1	1	1	1	2	1	1	1	2	1	1	1	1
GCF_001434475.1	Paucilactobacillus suebicus	1	1	1	1	1	1	1	1	2	1	1	1	2	1	1	1	1
GCF_001436295.1	Paucilactobacillus vaccinostercus	1	1	1	1	1	1	1	1	2	1	1	1	2	1	1	1	1
GCF_000876205.1	Paucilactobacillus wasatchensis	1	1	1	1	1	1	1	1	2	1	1	1	2	1	1	1	1
GCF_013127755.1	Pediococcus acidilactici	1	1	1	1	1	1	1	1	2	1	1	1	1	0	1	1	1
GCF_001437605.1	Pediococcus argentinicus	1	1	1	1	1	1	1	1	2	1	1	1	1	0	1	1	1
GCF_001438655.1	Pediococcus cellicola	1	1	1	1	1	1	1	1	2	1	1	1	2	1	1	1	1
GCF_001702215.1	Pediococcus claussenii	1	1	1	1	1	1	1	1	2	1	1	1	1	0	1	1	1
GCF_001611155.1	Pediococcus damnosus	1	1	1	1	2	1	1	1	2	1	1	1	2	1	1	1	1
GCF_001437405.1	Pediococcus ethanolidurans	1	1	1	1	2	1	1	1	2	1	1	1	2	1	1	1	1
GCF_002982135.1	Pediococcus inopinatus	1	1	1	1	2	1	1	1	2	1	1	1	2	1	1	1	1
GCF_007990205.1	Pediococcus parvulus	1	1	1	1	2	1	1	1	2	1	1	1	2	1	1	1	1
GCF_000014505.1	Pediococcus pentosaceus	1	1	1	1	1	1	1	1	2	1	1	1	1	0	1	1	1
GCF_001437075.1	Pediococcus stilesii	1	1	1	1	1	1	1	1	2	1	1	1	1	0	1	1	1
GCF_025211165.1	Periweissella beninensis	1	1	1	1	1	1	1	1	2	1	1	1	1	1	1	1	1
GCF_004358325.1	Periweissella cryptocerci	1	1	1	1	1	1	1	1	2	1	1	1	1	1	1	1	1
GCF_012396505.1	Periweissella fabalis	1	1	1	1	1	1	1	1	2	1	1	1	1	1	1	1	1
GCF_918814575.1	Periweissella fabaria	1	1	1	1	1	1	1	1	2	1	1	1	1	1	1	1	1
GCF_918814755.1	Periweissella ghanensis	1	1	1	1	1	1	1	1	2	1	1	1	1	1	1	1	1
GCF_027923585.1	Philodulcilactobacillus myokoensis	0	1	1	1	1	1	1	1	2	1	1	1	1	1	1	1	1
GCF_900167335.1	Pilibacter termitis	1	1	1	1	1	1	1	1	2	1	1	1	2	1	1	1	1
GCF_900113675.1	Pisciglobus halotolerans	1	1	1	1	1	1	1	1	2	1	1	1	2	1	1	1	1
GCF_014049385.1	Ruoffia halotolerans	1	1	0	1	1	1	1	1	1	1	1	1	2	1	1	1	1
GCF_005864045.1	Ruoffia tabacinasalis	1	1	0	1	1	1	1	1	1	1	1	1	2	1	1	1	1
GCF_008694105.1	Schleiferilactobacillus harbinensis	1	1	1	1	1	1	1	1	2	1	1	1	1	1	1	1	1
GCF_001435585.1	Schleiferilactobacillus perolens	1	1	1	1	1	1	1	1	2	1	1	1	1	1	1	1	1
GCF_000469325.1	Schleiferilactobacillus shenzhenensis	1	1	1	1	1	1	1	1	2	1	1	1	1	1	1	1	1
GCF_004354595.1	Schleiferilactobacillus silagei	1	1	1	1	1	1	1	1	2	1	1	1	2	0	1	1	1
GCF_022509925.1	Secundilactobacillus angelensis	1	1	1	1	1	1	1	1	2	1	1	1	2	0	1	1	1
GCF_001623425.1	Secundilactobacillus collinoides	1	1	1	1	1	1	1	1	2	1	1	1	2	0	1	1	1
GCF_009720675.1	Secundilactobacillus folii	1	1	1	1	1	1	1	1	2	1	1	1	1	0	1	1	1
GCF_005405185.1	Secundilactobacillus hailunensis	1	1	1	1	1	1	1	1	2	1	1	1	2	0	1	1	1
GCF_001433995.1	Secundilactobacillus kimchicus	1	1	1	1	1	1	1	1	2	1	1	1	2	0	1	1	1
GCF_008033155.1	Secundilactobacillus malefermentans	1	1	1	1	1	1	1	1	2	1	1	1	2	0	1	1	1
GCF_002217925.1	Secundilactobacillus mixtipabuli	1	1	1	1	1	1	1	1	2	1	1	1	2	0	1	1	1
GCF_001434895.1	Secundilactobacillus odoratitofui	1	1	1	1	1	1	1	1	2	1	1	1	2	0	1	1	1
GCF_000740055.1	Secundilactobacillus oryzae	1	1	1	1	1	1	1	1	2	1	1	1	2	0	1	1	1
GCF_001702155.1	Secundilactobacillus paracollinoides	1	1	1	1	1	1	1	1	2	1	1	1	2	0	1	1	1
GCF_002217985.1	Secundilactobacillus pentosiphilus	1	1	1	1	1	1	1	1	2	1	1	1	2	0	1	1	1
GCF_002583405.1	Secundilactobacillus silagincola	1	1	1	1	1	1	1	1	2	1	1	1	2	0	1	1	1
GCF_001436595.1	Secundilactobacillus similis	1	1	1	1	1	1	1	1	2	1	1	1	2	0	1	1	1
GCF_016861565.1	Secundilactobacillus yichangensis	1	1	1	1	1	1	1	1	2	1	1	1	2	0	1	1	1
GCF_900459045.1	Streptococcus acidominimus	0	1	1	1	1	1	1	1	2	0	1	1	2	1	1	1	1
GCF_001552035.1	Streptococcus agalactiae	0	1	1	1	1	1	1	1	2	0	1	1	2	1	1	1	1
GCF_027474505.1	Streptococcus alactolyticus	0	1	1	1	1	1	1	1	2	0	1	1	2	1	1	1	1
GCF_001412635.1	Streptococcus anginosus	0	1	1	1	1	1	1	1	2	0	1	1	2	1	1	1	1
GCF_900636505.1	Streptococcus australis	0	1	1	1	1	1	1	1	2	0	1	1	2	1	1	1	1
GCF_001984705.1	Streptococcus azizii	0	1	1	1	1	1	1	1	2	0	1	1	2	1	1	1	1
GCF_948472335.1	Streptococcus bouchesdurhonensis	0	2	2	1	1	1	2	1	4	0	1	2	3	2	1	2	2
GCF_001885095.1	Streptococcus bovimastitidis	0	1	1	1	1	1	1	1	2	0	1	1	2	1	1	1	1
GCF_000379985.1	Streptococcus caballi	0	1	1	1	1	1	1	1	2	0	1	1	2	1	1	1	1
GCF_943193075.1	Streptococcus caecimuris	0	1	1	1	1	1	1	1	2	0	1	1	2	1	1	1	1
GCF_010993845.2	Streptococcus canis	0	1	1	1	1	1	1	1	1	0	1	1	2	1	1	1	1
GCF_000425025.1	Streptococcus castoreus	0	1	1	1	1	1	1	1	2	0	1	1	2	1	1	1	1
GCF_011421455.1	Streptococcus catagoni	0	1	1	1	1	1	1	1	2	0	1	1	2	1	1	1	1
GCF_003086355.1	Streptococcus chenjunshii	0	1	1	1	1	1	1	1	2	0	1	1	2	1	0	1	1
GCF_003626515.1	Streptococcus chosunense	0	1	1	1	1	1	1	1	2	0	1	1	2	1	1	1	1
GCF_900459125.1	Streptococcus constellatus	0	1	1	1	1	1	1	1	2	0	1	1	2	1	1	1	1
GCF_900459215.1	Streptococcus criceti	0	1	1	1	1	1	1	1	2	0	1	1	2	1	1	1	1
GCF_900475445.1	Streptococcus cristatus	0	1	1	1	1	1	1	1	2	0	1	1	2	1	1	1	1
GCF_001921845.1	Streptococcus cuniculi	0	1	1	1	1	1	1	1	2	0	1	1	2	1	1	1	1
GCF_007859195.1	Streptococcus cuniculipharyngis	0	1	1	1	1	1	1	1	2	0	1	1	2	1	1	1	1
GCF_009767945.1	Streptococcus danieliae	0	1	1	1	1	1	1	1	2	0	1	1	2	1	1	1	1
GCF_000423725.1	Streptococcus devriesei	0	1	1	1	1	1	1	1	2	0	1	1	2	1	1	1	1
GCF_000380005.1	Streptococcus didelphis	0	1	1	1	1	1	1	1	2	0	1	1	2	1	1	1	1
GCF_900459175.1	Streptococcus downei	0	1	1	1	1	1	1	1	2	0	1	1	2	1	1	1	1
GCF_004353325.1	Streptococcus downii	0	1	1	1	1	1	1	1	2	0	1	1	2	1	1	1	1
GCF_016128095.1	Streptococcus dysgalactiae	0	1	1	1	1	1	1	1	2	0	1	1	2	1	1	1	1
GCF_000380025.1	Streptococcus entericus	0	1	0	1	1	1	1	1	2	0	1	1	2	1	1	1	1
GCF_015689395.1	Streptococcus equi	0	1	1	1	1	1	1	1	2	0	1	1	2	1	1	1	1
GCF_900102715.1	Streptococcus equinus	0	1	1	1	1	1	1	1	2	0	1	1	2	1	1	1	1
GCF_900475025.1	Streptococcus ferus	0	1	1	1	1	1	1	1	2	0	1	1	2	1	1	1	1
GCF_024170735.1	Streptococcus gallinaceus	0	1	1	1	1	1	1	1	2	0	1	1	2	1	1	1	1
GCF_013267695.1	Streptococcus gallolyticus	0	1	1	1	1	1	1	1	2	0	1	1	2	1	1	1	1
GCF_901544385.1	Streptococcus gordonii	0	1	1	1	1	1	1	1	2	0	1	1	2	1	1	1	1
GCF_003627155.1	Streptococcus gwangjuense	0	1	1	1	1	1	1	1	2	0	1	1	2	1	1	1	1
GCF_019774635.1	Streptococcus halichoeri	0	1	1	1	1	1	1	1	2	0	1	1	2	1	1	1	1
GCF_003143695.2	Streptococcus halitosis	0	1	1	1	1	1	1	1	2	0	1	1	2	1	1	1	1
GCF_001598035.1	Streptococcus halotolerans	0	1	1	1	1	1	1	1	2	0	1	1	2	1	1	1	1
GCF_900104235.1	Streptococcus henryi	0	1	1	1	1	1	1	1	2	0	1	1	2	1	1	1	1
GCF_003686955.1	Streptococcus hillyeri	0	1	1	1	1	1	1	1	2	0	1	1	2	1	0	1	1
GCF_001708305.1	Streptococcus himalayensis	0	1	1	1	1	1	1	1	2	0	1	1	2	1	1	1	1
GCF_014287335.1	Streptococcus hominis	0	1	1	1	1	1	1	1	2	0	1	1	2	1	1	1	1
GCF_019448275.1	Streptococcus humanilactis	0	1	1	1	1	1	1	1	2	0	1	1	2	1	1	1	1
GCF_900459405.1	Streptococcus hyointestinalis	0	1	1	1	1	1	1	1	2	0	1	1	2	1	1	1	1
GCF_000420785.1	Streptococcus hyovaginalis	0	1	1	1	1	1	1	1	2	0	1	1	2	1	1	1	1
GCF_000188015.2	Streptococcus ictaluri	0	1	1	1	1	1	1	1	1	0	1	1	2	1	0	1	1
GCF_003438245.1	Streptococcus ilei	0	1	1	1	1	1	1	1	2	0	1	1	2	1	1	1	1
GCF_016127275.1	Streptococcus infantarius	0	1	1	1	1	1	1	1	2	0	1	1	2	1	1	1	1
GCF_000187465.1	Streptococcus infantis	0	1	1	1	1	1	1	1	2	0	1	1	2	1	1	1	1
GCF_000300915.1	Streptococcus iniae	0	1	1	1	1	1	1	1	2	0	1	1	2	1	1	1	1
GCF_900475975.1	Streptococcus intermedius	0	1	1	1	1	1	1	1	2	0	1	1	2	1	1	1	1
GCF_003627135.1	Streptococcus koreensis	0	1	1	1	1	1	1	1	2	0	1	1	2	1	1	1	1
GCF_018127725.1	Streptococcus lactarius	0	1	1	1	1	1	1	1	2	0	1	1	2	1	1	1	1
GCF_016908645.1	Streptococcus loxodontisalivarius	0	1	1	1	1	1	1	1	2	0	1	1	2	1	1	1	1
GCF_900475675.1	Streptococcus lutetiensis	0	1	1	1	1	1	1	1	2	0	1	1	2	1	1	1	1
GCF_900459485.1	Streptococcus macacae	0	1	1	1	1	1	1	1	2	0	1	1	2	1	1	1	1
GCF_002860805.1	Streptococcus macedonicus	0	1	1	1	1	1	1	1	2	0	1	1	2	1	1	1	1
GCF_000380045.1	Streptococcus marimammalium	0	1	1	1	1	1	1	1	2	0	1	1	2	1	1	1	1
GCF_001623565.1	Streptococcus marmotae	0	1	1	1	1	1	1	1	2	0	1	1	2	1	1	1	1
GCF_900459365.1	Streptococcus massiliensis	0	1	1	1	1	1	1	1	2	0	1	1	2	1	1	1	1
GCF_900187085.1	Streptococcus merionis	0	1	1	1	1	1	1	1	2	0	1	1	2	1	1	1	1
GCF_000377005.1	Streptococcus minor	0	1	1	1	1	1	1	1	2	0	1	1	2	1	1	1	1
GCF_000960005.1	Streptococcus mitis	0	1	1	1	1	1	1	1	2	0	1	1	2	1	1	1	1
GCF_009738105.1	Streptococcus mutans	0	1	1	1	1	1	1	1	2	0	1	1	2	1	1	1	1
GCF_900637025.1	Streptococcus oralis	0	1	1	1	1	1	1	1	2	0	1	1	2	1	1	1	1
GCF_017883985.1	Streptococcus oricebi	0	1	1	1	1	1	1	1	2	0	1	1	2	1	1	1	1
GCF_001431045.1	Streptococcus orisasini	0	1	1	1	1	1	0	1	2	0	1	1	2	1	1	1	1
GCF_018137985.1	Streptococcus oriscaviae	0	1	1	1	1	1	1	1	2	0	1	1	2	1	1	1	1
GCF_000380105.1	Streptococcus orisratti	0	1	1	1	1	1	1	1	2	0	1	1	2	1	1	1	1
GCF_000380125.1	Streptococcus ovis	0	1	1	1	1	1	1	1	2	0	1	1	2	1	1	1	1
GCF_012396585.1	Streptococcus ovuberis	0	1	1	1	1	1	1	1	2	0	1	1	2	1	0	1	1
GCF_016481305.1	Streptococcus pacificus	0	1	1	1	1	1	1	1	2	0	1	1	2	1	1	1	1
GCF_017884005.1	Streptococcus panodentis	0	1	1	1	1	1	1	1	2	0	1	1	2	1	1	1	1
GCF_001642085.1	Streptococcus pantholopis	0	1	1	1	1	1	1	1	2	0	1	1	2	1	0	1	1
GCF_900459355.1	Streptococcus parasanguinis	0	1	1	1	1	1	1	1	2	0	1	1	2	1	1	1	1
GCF_021654455.1	Streptococcus parasuis	0	1	1	1	1	1	1	1	2	0	1	1	2	1	0	1	1
GCF_002900385.1	Streptococcus parauberis	0	1	1	1	1	1	1	1	2	0	1	1	2	1	1	1	1
GCF_004843545.1	Streptococcus pasteurianus	0	1	1	1	1	1	1	1	2	0	1	1	2	1	1	1	1
GCF_002887775.1	Streptococcus penaeicida	0	1	1	1	0	1	1	1	2	0	1	1	2	0	1	1	1
GCF_003963555.1	Streptococcus periodonticum	0	1	1	1	1	1	1	1	2	0	1	1	2	1	1	1	1
GCF_000187585.1	Streptococcus peroris	0	1	1	1	1	1	1	1	2	0	1	1	2	1	1	1	1
GCF_001302265.1	Streptococcus phocae	0	1	1	1	1	1	1	1	2	0	1	1	2	1	1	1	1
GCF_002953735.1	Streptococcus pluranimalium	0	1	1	1	1	1	1	1	2	0	1	1	2	1	1	1	0
GCF_000423745.1	Streptococcus plurextorum	0	1	1	1	1	1	1	1	2	0	1	1	2	1	0	1	1
GCF_002076835.1	Streptococcus pneumoniae	0	1	1	1	1	1	1	1	2	0	1	1	2	1	1	1	1
GCF_000423765.1	Streptococcus porci	0	1	1	1	1	1	1	1	2	0	1	1	2	1	0	1	1
GCF_901553735.1	Streptococcus porcinus	0	1	1	1	1	1	1	1	2	0	1	1	2	1	1	1	1
GCF_000221985.1	Streptococcus pseudopneumoniae	0	1	1	1	1	1	1	1	2	0	1	1	2	1	1	1	1
GCF_900637075.1	Streptococcus pseudoporcinus	0	1	1	1	1	1	1	1	2	0	1	1	2	1	1	1	1
GCF_900475035.1	Streptococcus pyogenes	0	1	1	1	1	1	1	1	1	0	1	1	2	1	1	1	1
GCF_008803015.1	Streptococcus ratti	0	1	1	1	1	1	1	1	2	0	1	1	2	1	1	1	1
GCF_003595525.1	Streptococcus respiraculi	0	1	1	1	1	1	1	1	2	0	1	1	2	1	1	1	1
GCF_004785935.1	Streptococcus rubneri	0	1	1	1	1	1	1	1	2	0	1	1	2	1	1	1	1
GCF_003609975.1	Streptococcus ruminantium	0	1	1	1	1	1	1	1	2	0	1	1	2	1	0	1	1
GCF_009755785.1	Streptococcus ruminicola	0	1	1	1	1	1	1	1	2	0	1	1	2	1	1	1	1
GCF_902858935.1	Streptococcus salivarius	0	1	1	1	1	1	1	1	1	0	1	1	2	1	1	1	1
GCF_016908655.1	Streptococcus saliviloxodontae	0	1	1	1	1	1	1	1	2	0	1	1	2	1	1	1	1
GCF_000191105.1	Streptococcus sanguinis	0	1	1	1	1	1	1	1	2	0	1	1	2	1	1	1	1
GCF_006385785.1	Streptococcus shenyangsis	0	1	1	1	1	1	1	1	2	0	1	1	2	1	1	1	1
GCF_000767835.1	Streptococcus sinensis	0	1	1	1	1	1	1	1	2	0	1	1	2	1	1	1	1
GCF_003172975.1	Streptococcus sobrinus	0	1	1	1	1	1	1	1	2	0	1	1	2	1	1	1	1
GCF_000026745.1	Streptococcus suis	0	1	1	1	1	1	1	1	2	0	1	1	1	1	0	1	1
GCF_006385165.1	Streptococcus symci	0	1	1	1	1	1	1	1	2	0	2	2	2	1	1	1	1
GCF_903886475.1	Streptococcus thermophilus	0	1	1	1	1	1	1	1	1	0	1	1	2	1	1	1	1
GCF_000380145.1	Streptococcus thoraltensis	0	1	1	1	1	1	1	1	2	0	1	1	2	1	1	1	1
GCF_900095845.1	Streptococcus timonensis	0	1	1	1	1	1	1	1	2	0	1	1	2	1	1	1	1
GCF_024346585.1	Streptococcus toyakuensis	0	1	1	1	1	1	1	1	2	0	1	1	2	1	1	1	1
GCF_002355215.1	Streptococcus troglodytae	0	1	1	0	1	1	1	0	1	0	1	1	2	1	0	1	1
GCF_900460135.1	Streptococcus uberis	0	1	1	1	1	1	1	1	2	0	1	1	2	1	1	1	1
GCF_900636885.1	Streptococcus urinalis	0	1	1	1	1	1	1	1	2	0	1	1	2	1	1	1	1
GCF_017315345.1	Streptococcus vaginalis	0	1	1	1	1	1	1	1	2	0	1	1	1	1	1	1	1
GCF_001375655.1	Streptococcus varani	0	1	1	1	1	1	1	1	2	0	1	1	2	1	1	1	1
GCF_001657915.1	Streptococcus vestibularis	0	1	1	1	1	1	1	1	1	0	1	1	2	1	1	1	1
GCF_016461705.1	Streptococcus vicugnae	0	1	1	1	1	1	1	1	2	0	1	1	2	1	1	1	1
GCF_019218685.1	Streptococcus vulneris	0	1	1	1	1	1	1	1	2	0	1	1	2	1	1	1	1
GCF_006385805.1	Streptococcus xiaochunlingii	0	1	1	1	1	1	1	1	2	0	1	1	2	1	1	1	1
GCF_024742095.1	Streptococcus zalophi	0	1	1	1	1	1	1	1	2	0	1	1	2	1	1	1	1
GCF_003546865.1	Suicoccus acidiformans	1	1	0	1	1	1	1	1	1	1	1	1	2	1	1	1	1
GCF_001712815.1	Tetragenococcus halophilus	1	1	1	1	1	1	1	1	2	1	1	1	2	1	1	1	1
GCF_003795145.1	Tetragenococcus koreensis	1	1	1	1	1	1	1	1	2	1	1	1	2	1	1	1	1
GCF_000423785.1	Tetragenococcus muriaticus	1	1	1	1	1	1	1	1	2	1	1	1	2	1	1	1	1
GCF_003795125.1	Tetragenococcus osmophilus	1	1	1	1	1	1	1	1	2	1	1	1	2	1	1	1	1
GCF_001544195.1	Tetragenococcus solitarius	1	1	1	1	1	1	1	1	2	1	1	1	2	1	1	1	1
GCF_003008695.1	Trichococcus alkaliphilus	1	1	1	1	2	1	1	1	2	1	1	1	2	1	1	1	1
GCF_900067155.1	Trichococcus collinsii	1	1	1	1	2	1	1	1	2	1	1	1	2	1	1	1	1
GCF_900113645.1	Trichococcus flocculiformis	1	1	1	1	1	1	1	1	2	1	1	1	2	1	1	1	1
GCF_900109135.1	Trichococcus ilyis	1	1	1	1	2	1	1	1	2	1	1	1	2	1	1	1	1
GCF_003052295.1	Trichococcus paludicola	1	1	1	1	2	1	1	1	1	1	1	0	0	1	1	1	1
GCF_900067125.1	Trichococcus palustris	1	1	1	1	1	1	1	1	2	1	1	1	2	1	1	1	1
GCF_900079135.1	Trichococcus pasteurii	1	1	1	1	2	1	1	1	2	1	1	1	2	1	1	1	1
GCF_003051085.1	Trichococcus patagoniensis	1	1	1	1	2	1	1	1	2	1	1	1	2	1	1	1	1
GCF_006370295.1	Trichococcus shcherbakoviae	1	1	1	1	2	1	1	1	2	1	1	1	2	1	1	1	1
GCF_900604935.1	Vaginisenegalia massiliensis	1	1	1	1	1	1	1	1	1	1	1	1	2	1	1	1	1
GCF_003987655.1	Vagococcus acidifermentans	1	1	1	1	1	1	1	1	2	1	1	1	2	1	1	1	1
GCF_017829975.1	Vagococcus allomyrinae	1	1	0	2	3	1	1	1	2	1	1	1	2	2	1	1	1
GCF_003950315.1	Vagococcus bubulae	1	1	1	1	1	1	1	1	4	1	1	1	2	1	1	1	1
GCF_014397115.1	Vagococcus carniphilus	1	1	1	1	1	1	1	1	4	1	1	1	2	2	1	1	1
GCF_011303955.1	Vagococcus coleopterorum	1	1	1	1	1	1	1	1	2	1	1	0	2	1	1	1	1
GCF_003987645.1	Vagococcus elongatus	1	1	1	1	1	1	1	1	2	1	1	1	2	1	1	1	1
GCF_003987595.1	Vagococcus entomophilus	1	1	1	1	1	1	1	1	2	1	1	1	2	1	1	1	1
GCF_003987565.1	Vagococcus fessus	1	1	1	1	1	1	1	1	2	1	1	1	2	1	1	1	1
GCF_020628455.1	Vagococcus fluvialis	1	1	1	1	1	1	1	1	4	1	1	1	2	2	1	1	1
GCF_003950325.1	Vagococcus humatus	1	1	1	1	1	1	1	1	2	1	1	1	2	1	1	1	1
GCF_011304195.1	Vagococcus hydrophili	1	1	1	1	1	1	1	1	4	1	1	1	2	1	1	1	1
GCF_029144185.1	Vagococcus intermedius	1	1	1	1	1	1	1	1	2	1	1	1	2	1	1	1	1
GCF_024637875.1	Vagococcus luciliae	1	1	1	1	1	1	1	1	4	1	1	1	2	1	1	1	1
GCF_023299185.1	Vagococcus lutrae	1	1	1	1	1	1	1	1	2	1	1	1	2	1	1	1	1
GCF_002026305.1	Vagococcus martis	1	1	1	1	1	1	1	1	4	1	1	1	2	1	1	1	1
GCF_003987515.1	Vagococcus penaei	1	1	1	1	1	1	1	1	4	1	1	1	2	1	1	1	1
GCF_029143285.1	Vagococcus proximus	1	1	1	1	1	1	1	1	2	1	1	1	2	0	1	1	1
GCF_003987495.1	Vagococcus salmoninarum	1	1	1	1	1	1	1	1	3	1	1	1	2	1	1	1	1
GCF_004795745.1	Vagococcus silagei	1	1	1	1	1	1	1	1	3	1	1	1	2	2	1	1	1
GCF_001870205.1	Vagococcus teuberi	1	1	1	1	1	1	1	1	4	1	1	1	2	1	1	1	1
GCF_003950515.1	Vagococcus vulneris	1	1	1	1	1	1	1	1	4	1	1	1	2	1	1	1	1
GCF_004792515.1	Vagococcus xieshaowenii	1	1	1	1	2	1	1	1	3	1	1	1	2	1	1	1	1
GCF_005145005.1	Vagococcus zengguangii	1	1	1	1	1	1	1	1	2	1	1	1	2	1	1	1	1
GCF_900094835.1	Weissella bombi	1	1	1	1	1	1	0	0	2	1	1	1	1	1	1	0	1
GCF_018394055.1	Weissella ceti	1	1	1	1	1	1	0	0	2	1	1	1	1	1	0	0	1
GCF_001951095.1	Weissella cibaria	1	1	1	1	1	1	0	1	2	1	1	1	1	1	1	0	1
GCF_011304355.1	Weissella coleopterorum	1	1	1	1	1	1	0	0	2	1	1	1	1	1	0	0	1
GCF_004771075.1	Weissella confusa	1	1	1	1	1	1	0	1	2	1	1	1	1	1	1	0	1
GCF_014397255.1	Weissella diestrammenae	1	1	1	1	1	1	0	1	2	1	1	1	0	1	1	0	1
GCF_025460865.1	Weissella fangxianensis	1	1	1	1	1	1	0	0	2	1	1	1	1	1	1	0	1
GCF_000420365.1	Weissella halotolerans	1	1	1	1	1	1	0	0	2	1	1	1	1	1	1	0	1
GCF_012396435.1	Weissella hellenica	1	1	1	1	1	1	0	0	2	1	1	1	1	1	1	0	1
GCF_001932615.1	Weissella jogaejeotgali	1	1	1	1	1	1	0	0	2	1	1	1	1	1	1	0	1
GCF_001438705.1	Weissella kandleri	1	1	1	1	1	1	0	0	2	1	1	1	1	1	0	0	1
GCF_000219805.1	Weissella koreensis	1	1	1	1	1	1	0	0	2	1	1	1	1	1	0	0	1
GCF_001437425.1	Weissella minor	1	1	1	1	1	1	0	0	2	1	1	1	1	1	0	0	1
GCF_008107635.1	Weissella muntiaci	1	1	1	1	1	1	0	0	2	1	1	1	1	1	1	0	1
GCF_000691805.2	Weissella oryzae	1	1	1	1	1	1	0	0	2	1	1	1	1	1	1	0	1
GCF_015689215.1	Weissella paramesenteroides	1	1	1	1	1	1	0	1	2	1	1	1	1	1	1	0	1
GCF_010306265.1	Weissella sagaensis	1	1	1	1	1	1	0	0	2	1	1	1	1	1	1	0	1
GCF_001761545.1	Weissella soli	1	1	0	1	1	1	0	1	2	1	1	1	1	1	0	0	1
GCF_005405465.1	Weissella thailandensis	1	1	1	1	1	1	0	1	2	1	1	1	1	1	1	0	1
GCF_018502505.1	Weissella tructae	1	1	1	1	1	1	0	0	1	1	1	1	1	1	0	0	1
GCF_016908785.1	Weissella uvarum	1	1	1	1	1	1	0	0	2	1	1	1	1	1	0	0	1
GCF_003862435.1	Weissella viridescens	1	1	1	1	1	1	0	0	2	1	1	1	1	1	1	0	1
